{
      "0": "is an important",
      "1": "may experience",
      "2": "mixed with",
      "3": "assist",
      "4": "are contraindicated",
      "5": "recommended",
      "6": "can be measured",
      "7": "measured by",
      "8": "necessary for",
      "9": "address through",
      "10": "break down",
      "11": "can be stored at",
      "12": "detected by",
      "13": "filters",
      "14": "support",
      "15": "may need to be",
      "16": "offers",
      "17": "are necessary",
      "18": "may deteriorate",
      "19": "can consider",
      "20": "may be followed by",
      "21": "can evolve",
      "22": "increases the susceptibility to",
      "23": "with a",
      "24": "commonly used in",
      "25": "may worsen",
      "26": "used to",
      "27": "monitor for signs of",
      "28": "causes",
      "29": "should be discarded properly after",
      "30": "increases the risk of",
      "31": "can be boosted by",
      "32": "can be overcome with",
      "33": "sometimes used in",
      "34": "carries",
      "35": "may be found in",
      "36": "is facilitated by",
      "37": "is based on",
      "38": "are commonly caused by",
      "39": "helps to",
      "40": "monitors",
      "41": "can be impaired",
      "42": "can be available as",
      "43": "can elevate",
      "44": "are required",
      "45": "needed for",
      "46": "help remove",
      "47": "should not be used with",
      "48": "caused by",
      "49": "enhanced sedation",
      "50": "valuable in",
      "51": "may be described",
      "52": "can neutralize",
      "53": "avoid",
      "54": "can be administered via",
      "55": "may boost",
      "56": "can be performed for",
      "57": "is a chronic",
      "58": "can come in",
      "59": "is crucial in",
      "60": "are specialists in",
      "61": "are dedicated to",
      "62": "are reported",
      "63": "not suitable",
      "64": "makes intestinal adsorbents",
      "65": "may also contain",
      "66": "can coexist with",
      "67": "can activate",
      "68": "keep",
      "69": "are listed",
      "70": "are specific conditions",
      "71": "transmitted through",
      "72": "should be considered in",
      "73": "approved by",
      "74": "work",
      "75": "can evaluate",
      "76": "help regulate",
      "77": "cover",
      "78": "simplifies",
      "79": "can be monitored through",
      "80": "developed through",
      "81": "are sometimes used",
      "82": "applied to",
      "83": "should not be split",
      "84": "important component",
      "85": "tailors treatment",
      "86": "are given at",
      "87": "important in",
      "88": "emphasizes",
      "89": "produced using",
      "90": "an important goal of",
      "91": "authorized by",
      "92": "are resistant to",
      "93": "under research for",
      "94": "can be sterile",
      "95": "illegal",
      "96": "should be used with caution in",
      "97": "involved in",
      "98": "specially designed for",
      "99": "can be cytotoxic",
      "100": "are commonly prescribed for",
      "101": "has",
      "102": "is important for",
      "103": "distinguishes between",
      "104": "may not always guarantee",
      "105": "can be beneficial",
      "106": "assures",
      "107": "is a sign of",
      "108": "to minimize",
      "109": "is ongoing for",
      "110": "activate",
      "111": "are common in",
      "112": "may be needed for",
      "113": "route of administration",
      "114": "administered antibiotics",
      "115": "by",
      "116": "inhibit",
      "117": "can be increased by",
      "118": "can be evaluated by",
      "119": "can be delivered",
      "120": "can slow",
      "121": "is key for",
      "122": "have a",
      "123": "often associated with",
      "124": "is needed to",
      "125": "should be disposed",
      "126": "potentially effective in",
      "127": "manufactured by",
      "128": "are applied directly to",
      "129": "targets",
      "130": "can metastasize",
      "131": "refers to",
      "132": "in reducing",
      "133": "are taken by",
      "134": "are susceptible to",
      "135": "at the same time each day",
      "136": "help manage",
      "137": "may be affected by",
      "138": "should be swallowed",
      "139": "often comorbid",
      "140": "play a crucial role in",
      "141": "are at higher risk of",
      "142": "target",
      "143": "should be identified",
      "144": "measures",
      "145": "is found in",
      "146": "can depend on",
      "147": "restores",
      "148": "may be administered through",
      "149": "is used",
      "150": "are absorbed",
      "151": "may",
      "152": "protect",
      "153": "are prescribed",
      "154": "optimize",
      "155": "can exacerbate",
      "156": "may be compromised by",
      "157": "are formulated as",
      "158": "contribute to",
      "159": "helps alleviate",
      "160": "can be obtained",
      "161": "should be considered before",
      "162": "can be administered before",
      "163": "may mistake them",
      "164": "can prevent",
      "165": "increases",
      "166": "integral part of",
      "167": "may be at risk of",
      "168": "not recommended for",
      "169": "crucial to",
      "170": "should be monitored for",
      "171": "avoid using",
      "172": "with proper",
      "173": "may depend on",
      "174": "may qualify for",
      "175": "helps prepare",
      "176": "was previously",
      "177": "are administered through",
      "178": "may be a sign of",
      "179": "is maintained by",
      "180": "pose a",
      "181": "can be prescribed to",
      "182": "often due to",
      "183": "manufactured following",
      "184": "protects",
      "185": "may treat",
      "186": "rapid onset",
      "187": "have a shorter duration of action",
      "188": "can be detected",
      "189": "may regulate",
      "190": "are categorized in",
      "191": "reduce",
      "192": "can be treated through",
      "193": "restore",
      "194": "requirement",
      "195": "result in",
      "196": "achieved through",
      "197": "may be prescribed for",
      "198": "can be prone to",
      "199": "isolates",
      "200": "is available",
      "201": "are typically",
      "202": "containing the",
      "203": "produce",
      "204": "release",
      "205": "should complete",
      "206": "are necessary to",
      "207": "commonly prescribed",
      "208": "is an infection of the sac surrounding the heart caused by",
      "209": "can be provided",
      "210": "are used as",
      "211": "preferred",
      "212": "signifies",
      "213": "can provide insights into",
      "214": "may target",
      "215": "may take",
      "216": "may be necessary",
      "217": "may be at",
      "218": "can be measured using",
      "219": "are commonly used",
      "220": "should take",
      "221": "can be useful",
      "222": "are facilitated by",
      "223": "clean",
      "224": "should be used as",
      "225": "are included",
      "226": "can be triggered by",
      "227": "are available for",
      "228": "applied locally",
      "229": "can interact",
      "230": "can be administered for",
      "231": "is essential",
      "232": "are beneficial for",
      "233": "helps manage",
      "234": "converts",
      "235": "are recommended",
      "236": "can heal",
      "237": "is driven by",
      "238": "should be stored in",
      "239": "is affected by",
      "240": "may be disrupted by",
      "241": "is important during",
      "242": "can help alleviate",
      "243": "emit",
      "244": "can undergo",
      "245": "may protect",
      "246": "who",
      "247": "may be used",
      "248": "should be prescribed",
      "249": "a mosquito-borne",
      "250": "to protect",
      "251": "can be associated with",
      "252": "interacts with",
      "253": "can occur",
      "254": "should start",
      "255": "considered",
      "256": "should have",
      "257": "bind",
      "258": "have different",
      "259": "simulate",
      "260": "administered to",
      "261": "used illegally",
      "262": "is the formation of",
      "263": "used prophylactically to prevent",
      "264": "role in",
      "265": "complements",
      "266": "done by",
      "267": "induce",
      "268": "performed",
      "269": "refreshes",
      "270": "should fade",
      "271": "not a substitute for",
      "272": "can also be",
      "273": "nature means",
      "274": "can be an option",
      "275": "can play a role in",
      "276": "can kill",
      "277": "potentially relieve",
      "278": "administered with",
      "279": "can be achieved",
      "280": "filter",
      "281": "can assess",
      "282": "can include",
      "283": "to ensure",
      "284": "is responsible for",
      "285": "used in conjunction",
      "286": "by assisting",
      "287": "are available as",
      "288": "are available by",
      "289": "of antigout preparations",
      "290": "play a part in",
      "291": "do not require",
      "292": "may be more susceptible to",
      "293": "can be in",
      "294": "may support",
      "295": "normal",
      "296": "aid in",
      "297": "can be observed",
      "298": "can help control",
      "299": "treat",
      "300": "crucial in",
      "301": "a common",
      "302": "set",
      "303": "are not recommended for",
      "304": "classifies",
      "305": "are important for",
      "306": "increased sensitivity to",
      "307": "relax",
      "308": "can be enhanced by",
      "309": "deficiency",
      "310": "provided through",
      "311": "in rare cases",
      "312": "sterilizes",
      "313": "manages",
      "314": "should include",
      "315": "commonly treated with",
      "316": "are at increased risk for",
      "317": "can reveal",
      "318": "can occur as a",
      "319": "can decrease",
      "320": "can worsen",
      "321": "can be part of",
      "322": "are found in",
      "323": "should not replace",
      "324": "are often administered",
      "325": "is assessed through",
      "326": "are not suitable for",
      "327": "need to be taken",
      "328": "is often",
      "329": "beneficial for",
      "330": "can contribute to",
      "331": "should be taken exactly as",
      "332": "can manifest",
      "333": "determined based on",
      "334": "is caused by",
      "335": "they are",
      "336": "have increased",
      "337": "processes",
      "338": "prescribed with",
      "339": "are also known as",
      "340": "can vary",
      "341": "assessed by",
      "342": "can be obtained as",
      "343": "vary based on",
      "344": "a serious",
      "345": "strives for",
      "346": "is a life-threatening infection caused by",
      "347": "have different dosing requirements",
      "348": "included in",
      "349": "potentially decrease",
      "350": "contrast media",
      "351": "are triggered by",
      "352": "can also be classified as",
      "353": "agents",
      "354": "can be involved",
      "355": "allows the immune system",
      "356": "can be taken",
      "357": "prolongs",
      "358": "may need to be avoided in",
      "359": "can optimize",
      "360": "categorizes",
      "361": "should be individualized",
      "362": "are sometimes prescribed for",
      "363": "are often used in",
      "364": "is suitable for",
      "365": "allergic reactions",
      "366": "varies",
      "367": "fixes",
      "368": "indicates",
      "369": "is an indicator of",
      "370": "are effective in",
      "371": "can be expensive",
      "372": "involves monitoring symptoms",
      "373": "may resolve",
      "374": "should not exceed",
      "375": "tailors",
      "376": "peripherally acting",
      "377": "can also be combined with",
      "378": "can offset",
      "379": "can be categorized as",
      "380": "are available",
      "381": "may interact",
      "382": "vary depending on",
      "383": "can aid in",
      "384": "is metabolized by",
      "385": "advised for",
      "386": "used to manage",
      "387": "may be covered",
      "388": "are different from",
      "389": "is the goal of",
      "390": "can be influenced by",
      "391": "can develop",
      "392": "may be associated with",
      "393": "can overcome",
      "394": "is a condition of",
      "395": "can be measured by",
      "396": "need to be",
      "397": "are metabolized",
      "398": "should be tapered off",
      "399": "are beneficial in",
      "400": "treatment option",
      "401": "should monitor",
      "402": "should be reported to",
      "403": "available in",
      "404": "improves with",
      "405": "responsible for",
      "406": "used in combination with",
      "407": "are regulated by",
      "408": "are part of",
      "409": "should be kept",
      "410": "is connected to",
      "411": "can pose",
      "412": "is a key",
      "413": "should be guided",
      "414": "lead to",
      "415": "is necessary for the",
      "416": "controlled with",
      "417": "are used on",
      "418": "contribute",
      "419": "may be correlated with",
      "420": "can accommodate",
      "421": "should be based on",
      "422": "can be disrupted by",
      "423": "can limit access for",
      "424": "mimic the",
      "425": "may contain",
      "426": "increase the",
      "427": "limits",
      "428": "can be administered by",
      "429": "are applied",
      "430": "applied topically",
      "431": "can be monitored",
      "432": "play a",
      "433": "play a significant role in",
      "434": "can be altered by",
      "435": "effective in",
      "436": "are present in",
      "437": "may be treated with",
      "438": "can significantly affect",
      "439": "compared to",
      "440": "can be affected by",
      "441": "necessary to",
      "442": "stabilize",
      "443": "by promoting",
      "444": "may be a symptom of",
      "445": "treatment duration",
      "446": "can be characterized by",
      "447": "can impair",
      "448": "a zoonotic",
      "449": "should be accessible to",
      "450": "combination with vitamin B6 and B12 can improve",
      "451": "critical for",
      "452": "also include",
      "453": "is a shared",
      "454": "protects against",
      "455": "cause",
      "456": "can affect",
      "457": "not",
      "458": "a tick-borne",
      "459": "can be evaluated through",
      "460": "promote",
      "461": "may manifest as",
      "462": "cannot produce",
      "463": "focuses on",
      "464": "must be stored",
      "465": "have antimicrobial",
      "466": "is typically",
      "467": "injected into",
      "468": "help evaluate",
      "469": "is recommended",
      "470": "can reduce",
      "471": "may affect",
      "472": "is used for",
      "473": "are effective",
      "474": "can influence",
      "475": "should consider",
      "476": "can preserve",
      "477": "used during",
      "478": "necessary",
      "479": "may warrant",
      "480": "can interact with",
      "481": "is stimulated by",
      "482": "test",
      "483": "primary goal of",
      "484": "are metabolized by",
      "485": "can be seen as",
      "486": "are hormones that",
      "487": "interfere with",
      "488": "may be indicated for",
      "489": "supplies",
      "490": "is converted",
      "491": "lines",
      "492": "help prevent",
      "493": "indicate",
      "494": "are generally safe",
      "495": "are anti-inflammatory",
      "496": "through monitoring",
      "497": "may not be effective against",
      "498": "can be prescribed for",
      "499": "leads to",
      "500": "adjust",
      "501": "may necessitate",
      "502": "can be used to treat",
      "503": "can stimulate",
      "504": "also",
      "505": "predicts",
      "506": "can infect",
      "507": "specify",
      "508": "bind to",
      "509": "is required",
      "510": "depend on",
      "511": "produced by",
      "512": "can soothe",
      "513": "for",
      "514": "are prescribed in",
      "515": "are often used",
      "516": "should be used under",
      "517": "are effective against",
      "518": "is activated by",
      "519": "should only be",
      "520": "are a common form of",
      "521": "is a skin infection caused by",
      "522": "work from",
      "523": "can be inhaled",
      "524": "encouraged for",
      "525": "should be monitored closely in",
      "526": "should not be abruptly stopped",
      "527": "is effective for",
      "528": "act on",
      "529": "occurs when",
      "530": "is often associated with",
      "531": "are generally well-tolerated",
      "532": "may not",
      "533": "relieve",
      "534": "is an infection of the meninges caused by",
      "535": "will determine",
      "536": "can be available",
      "537": "cater to",
      "538": "differ from",
      "539": "may be administered",
      "540": "are often used as",
      "541": "should be sought",
      "542": "have expertise in",
      "543": "varies depending on",
      "544": "administered at",
      "545": "are administered via",
      "546": "may improve",
      "547": "motivates",
      "548": "potential for",
      "549": "prioritize",
      "550": "are often caused by",
      "551": "can be prevented with",
      "552": "should not be crushed or chewed",
      "553": "may alter",
      "554": "can take",
      "555": "plays a crucial role in",
      "556": "can enhance",
      "557": "can become",
      "558": "could lead to",
      "559": "may differ",
      "560": "should be carefully evaluated",
      "561": "whiten",
      "562": "can induce",
      "563": "can dilate",
      "564": "should be made",
      "565": "implicated in",
      "566": "can impact",
      "567": "have developing",
      "568": "are listed on",
      "569": "offer options for",
      "570": "should be avoided in",
      "571": "can be covered",
      "572": "determine",
      "573": "is treated with",
      "574": "can make",
      "575": "breastfeeding",
      "576": "is needed",
      "577": "does not guarantee",
      "578": "may interfere",
      "579": "targeted towards",
      "580": "have various",
      "581": "is",
      "582": "not indicative of",
      "583": "commonly occur in",
      "584": "varies based on",
      "585": "should not be used",
      "586": "found in",
      "587": "recommend for",
      "588": "can be upregulated by",
      "589": "are followed to",
      "590": "work together",
      "591": "should not receive",
      "592": "specializes in",
      "593": "help with",
      "594": "levels decrease with",
      "595": "may alleviate",
      "596": "potentially alleviate",
      "597": "may offer",
      "598": "vital for",
      "599": "can be contaminated",
      "600": "are commonly used for",
      "601": "offered through",
      "602": "can be due to",
      "603": "should be managed",
      "604": "can modulate",
      "605": "benefit from",
      "606": "contraindicated in",
      "607": "is a serious infection that can be caused by",
      "608": "can help normalize",
      "609": "are excreted by",
      "610": "enhance",
      "611": "should be weighed against",
      "612": "can be adjusted based on",
      "613": "a chronic",
      "614": "should be used",
      "615": "are given once",
      "616": "to",
      "617": "can be prescribed at",
      "618": "affected by",
      "619": "may be at risk for",
      "620": "transports",
      "621": "may arise from",
      "622": "is more susceptible to",
      "623": "are sometimes prescribed",
      "624": "recommended in",
      "625": "is a heart infection caused by",
      "626": "can also be adminstered",
      "627": "patients",
      "628": "often combined with",
      "629": "utilize",
      "630": "can interfere with the absorption of",
      "631": "poses",
      "632": "can maximize",
      "633": "may differ in",
      "634": "might include",
      "635": "a common symptom of",
      "636": "can recognize",
      "637": "are equipped with",
      "638": "is another",
      "639": "can be managed",
      "640": "by inducing",
      "641": "paramount for",
      "642": "can be helpful",
      "643": "is necessary to avoid",
      "644": "is around",
      "645": "in",
      "646": "can be beneficial in",
      "647": "an",
      "648": "effectiveness",
      "649": "often contain",
      "650": "assist in",
      "651": "come in",
      "652": "should be weighed",
      "653": "categorized by",
      "654": "are aimed at",
      "655": "is a joint infection caused by",
      "656": "thrive",
      "657": "helpful for",
      "658": "is produced by",
      "659": "commonly prescribed to",
      "660": "are employed for",
      "661": "dependent on",
      "662": "a potentially",
      "663": "are researched",
      "664": "may have",
      "665": "vary in",
      "666": "are targeted by",
      "667": "create",
      "668": "can evade",
      "669": "shield against",
      "670": "administered via",
      "671": "are important in",
      "672": "should be titrated",
      "673": "promotes",
      "674": "can confer",
      "675": "important tool",
      "676": "can come",
      "677": "are useful for",
      "678": "impact",
      "679": "can emit",
      "680": "often recommended",
      "681": "often taken",
      "682": "consider",
      "683": "are observed in",
      "684": "are implicated in",
      "685": "keeps",
      "686": "is beneficial",
      "687": "can be monitored using",
      "688": "should be monitored",
      "689": "can be targeted for",
      "690": "serious complication",
      "691": "distribute",
      "692": "are commonly found in",
      "693": "crucial for",
      "694": "duration of action",
      "695": "is specified",
      "696": "can penetrate",
      "697": "is based",
      "698": "used in",
      "699": "is the",
      "700": "can affect the absorption of",
      "701": "may be introduced",
      "702": "should be used with caution",
      "703": "numb",
      "704": "replaces",
      "705": "does not leave",
      "706": "may have interactions with",
      "707": "generally safe",
      "708": "can be facilitated by",
      "709": "can pass medications to",
      "710": "originate from",
      "711": "should not be shared",
      "712": "blocks",
      "713": "can vary depending on",
      "714": "are common",
      "715": "can range from",
      "716": "not effective for",
      "717": "should not be",
      "718": "is often used",
      "719": "cost",
      "720": "administration",
      "721": "kills",
      "722": "administered before",
      "723": "may be expensive",
      "724": "can dissolve",
      "725": "may delay",
      "726": "facilitated by",
      "727": "may cause",
      "728": "essential for",
      "729": "supports",
      "730": "address",
      "731": "monitor",
      "732": "regulations",
      "733": "common side effect",
      "734": "store",
      "735": "supplementation",
      "736": "of symptoms",
      "737": "may be prescribed",
      "738": "recommended as",
      "739": "is protected by",
      "740": "stabilizes",
      "741": "can occur during",
      "742": "dispense",
      "743": "may not be suitable",
      "744": "may also include",
      "745": "helps in",
      "746": "optimizes",
      "747": "is convenient for",
      "748": "minimize",
      "749": "check",
      "750": "can increase the",
      "751": "are medical reasons to",
      "752": "may not be effective",
      "753": "is less common in",
      "754": "can be stimulated",
      "755": "protect against",
      "756": "is important to detect",
      "757": "may decrease",
      "758": "coexist with",
      "759": "are essential",
      "760": "categorized as",
      "761": "are commonly used alongside",
      "762": "forms a",
      "763": "can be relieved",
      "764": "often prescribe",
      "765": "can normalize",
      "766": "facilitates",
      "767": "can be beneficial for",
      "768": "should be avoided with",
      "769": "encompass",
      "770": "required for",
      "771": "should be taken",
      "772": "are symptoms of",
      "773": "are a",
      "774": "can protect against",
      "775": "can be caused by",
      "776": "can range",
      "777": "kill",
      "778": "emphasize",
      "779": "is mediated by",
      "780": "analyzes",
      "781": "do not",
      "782": "can be administered on",
      "783": "may be less effective",
      "784": "are necessary for",
      "785": "are more susceptible to",
      "786": "can be purchased over",
      "787": "such as",
      "788": "drains",
      "789": "may limit",
      "790": "may be recommended",
      "791": "regulate",
      "792": "commonly abused for",
      "793": "by guiding",
      "794": "may present as",
      "795": "cannot",
      "796": "informs",
      "797": "have unique",
      "798": "helps to ensure",
      "799": "sometimes co-occurs with",
      "800": "can be improved by",
      "801": "can help improve",
      "802": "is tailored based on",
      "803": "can be prevented through",
      "804": "into the",
      "805": "are inhibited by",
      "806": "available",
      "807": "aids in",
      "808": "through",
      "809": "is commonly prescribed for",
      "810": "can be achieved with",
      "811": "affects",
      "812": "may be discontinued",
      "813": "can occur in",
      "814": "are guided by",
      "815": "are potential",
      "816": "is linked to",
      "817": "often combined",
      "818": "can hinder",
      "819": "absorbs",
      "820": "is a lung infection caused by",
      "821": "improve",
      "822": "inhibiting bacterial",
      "823": "at treating",
      "824": "are medications",
      "825": "can weaken",
      "826": "often used in",
      "827": "are visible in",
      "828": "paramount in",
      "829": "recommended for",
      "830": "introduced into",
      "831": "are integral for",
      "832": "avoid using in",
      "833": "metabolized by",
      "834": "may be beneficial in",
      "835": "may also be used for",
      "836": "out of reach of children",
      "837": "helps identify",
      "838": "are often given",
      "839": "interferes with",
      "840": "help",
      "841": "associated with",
      "842": "may need",
      "843": "mediate",
      "844": "are monitored",
      "845": "classified under",
      "846": "may also be used",
      "847": "can spread through",
      "848": "consumed",
      "849": "can be a burden",
      "850": "can enter",
      "851": "can regulate",
      "852": "can be prescribed with",
      "853": "to adjust",
      "854": "may lack",
      "855": "used frequently",
      "856": "regenerates",
      "857": "numbing",
      "858": "linked to",
      "859": "safe",
      "860": "can be diagnosed with",
      "861": "alleviate",
      "862": "used in conjunction with",
      "863": "require a",
      "864": "can also cause",
      "865": "commonly experienced by",
      "866": "should",
      "867": "are used",
      "868": "helps prevent",
      "869": "are connected to",
      "870": "can disrupt",
      "871": "can be preventable through",
      "872": "should only be done",
      "873": "potentially improve",
      "874": "are assigned",
      "875": "can prescribe",
      "876": "measure",
      "877": "helps adjust",
      "878": "is transmitted through",
      "879": "incorporates",
      "880": "reduces risk of",
      "881": "should be used with",
      "882": "known for",
      "883": "potential",
      "884": "may be more",
      "885": "administered in",
      "886": "efficacy",
      "887": "are needed",
      "888": "is a common type of",
      "889": "is an alternative",
      "890": "should be taken in",
      "891": "treated with",
      "892": "dosing",
      "893": "serve as",
      "894": "increase the risk of",
      "895": "should be stored",
      "896": "are derived from",
      "897": "can potentiate",
      "898": "can transfer",
      "899": "can counteract",
      "900": "should be considered",
      "901": "perform",
      "902": "may be used in combination with",
      "903": "can require",
      "904": "can avoid",
      "905": "is needed to avoid",
      "906": "formulas",
      "907": "may be at higher risk",
      "908": "is accessed through",
      "909": "should consult with",
      "910": "in women with",
      "911": "utilized in",
      "912": "are available in",
      "913": "can be a side effect of",
      "914": "explore",
      "915": "eliminates",
      "916": "may occur with",
      "917": "when administered",
      "918": "delivers",
      "919": "can be detected by",
      "920": "can be prevented by",
      "921": "can",
      "922": "can be effective",
      "923": "uses",
      "924": "specialized branch of",
      "925": "may increase the risk of",
      "926": "used",
      "927": "exacerbates",
      "928": "can be used topically",
      "929": "are prescribed by",
      "930": "can be taken in",
      "931": "are at risk for",
      "932": "may reduce",
      "933": "can occur due to",
      "934": "should be done",
      "935": "loop back into",
      "936": "used to treat",
      "937": "drives",
      "938": "can be reduced by",
      "939": "helps evaluate",
      "940": "is done",
      "941": "may not require",
      "942": "can cross the placenta",
      "943": "removes",
      "944": "driven by",
      "945": "can be performed",
      "946": "crucial",
      "947": "are often treated with",
      "948": "prescription medication for",
      "949": "may choose",
      "950": "can be used with",
      "951": "contain",
      "952": "can be spread through",
      "953": "deals with",
      "954": "stimulates",
      "955": "can alter the",
      "956": "should be administered",
      "957": "may enhance",
      "958": "should not be taken during",
      "959": "key for",
      "960": "reduced with",
      "961": "increase the excretion of",
      "962": "stored in",
      "963": "may be helpful",
      "964": "helps protect against",
      "965": "duration of effect",
      "966": "can be prescribed based on",
      "967": "is between",
      "968": "beneficial",
      "969": "make",
      "970": "can be used as",
      "971": "reduces",
      "972": "can target",
      "973": "can be fatal",
      "974": "can be targeted",
      "975": "is commonly used",
      "976": "identify",
      "977": "contributes",
      "978": "is inhibited",
      "979": "play",
      "980": "are a valuable tool",
      "981": "modulate",
      "982": "are studied",
      "983": "can increase the risk of",
      "984": "can be administered through",
      "985": "is regulated by",
      "986": "may be",
      "987": "vary for",
      "988": "is a severe",
      "989": "can be used prophylactically",
      "990": "can deliver",
      "991": "can interfere with",
      "992": "are on",
      "993": "warrants",
      "994": "levels fluctuate during",
      "995": "administered",
      "996": "discourages",
      "997": "is generally",
      "998": "potential complications",
      "999": "is a process",
      "1000": "go through",
      "1001": "may also cause",
      "1002": "can involve",
      "1003": "increases risk of",
      "1004": "may be recommended for",
      "1005": "are administered",
      "1006": "can be processed into",
      "1007": "have a lower response rate to",
      "1008": "is a common symptom of",
      "1009": "prescribed to",
      "1010": "decrease effectiveness of",
      "1011": "pose",
      "1012": "seal",
      "1013": "modify",
      "1014": "can block",
      "1015": "can be destroyed",
      "1016": "can also involve",
      "1017": "may be linked to",
      "1018": "works by",
      "1019": "can monitor",
      "1020": "adapts to",
      "1021": "may indicate",
      "1022": "meaning",
      "1023": "is controlled by",
      "1024": "breaks down",
      "1025": "are supported by",
      "1026": "often accompanies",
      "1027": "may impair",
      "1028": "key in",
      "1029": "availability",
      "1030": "may benefit",
      "1031": "decrease",
      "1032": "kidney problems",
      "1033": "is influenced by",
      "1034": "long-term use",
      "1035": "may strengthen",
      "1036": "are designed to",
      "1037": "rapidly absorbed",
      "1038": "should be given",
      "1039": "results in",
      "1040": "prescribed based on",
      "1041": "are prescribed for",
      "1042": "is crucial for",
      "1043": "means",
      "1044": "a rare",
      "1045": "repairs",
      "1046": "guide",
      "1047": "commonly used for",
      "1048": "should be noted",
      "1049": "can be warmed",
      "1050": "also used for",
      "1051": "are often prescribed",
      "1052": "optimized for",
      "1053": "can be purchased",
      "1054": "ensure",
      "1055": "can be classified",
      "1056": "may also have",
      "1057": "help fight",
      "1058": "alters",
      "1059": "is part of",
      "1060": "pharmacokinetics",
      "1061": "may be included",
      "1062": "is altered by",
      "1063": "commonly diagnosed in",
      "1064": "potential benefits",
      "1065": "can be eliminated",
      "1066": "is recommended for",
      "1067": "can be assessed by",
      "1068": "can be prescribed in",
      "1069": "is a serious",
      "1070": "affect",
      "1071": "of plant alkaloids",
      "1072": "is a type of",
      "1073": "can aid",
      "1074": "commonly used agents",
      "1075": "educate",
      "1076": "can be stimulated by",
      "1077": "plays a",
      "1078": "controls",
      "1079": "can be altered",
      "1080": "does not significantly",
      "1081": "can facilitate",
      "1082": "are approved by",
      "1083": "can inhibit",
      "1084": "ensure proper",
      "1085": "rely on",
      "1086": "can be a symptom of",
      "1087": "used in combination",
      "1088": "enables",
      "1089": "may guide",
      "1090": "are intended",
      "1091": "is prescribed for",
      "1092": "can enhance the effect of",
      "1093": "preserve",
      "1094": "covered",
      "1095": "medical guidance",
      "1096": "managed with",
      "1097": "boosts",
      "1098": "diverse in",
      "1099": "may be contraindicated in",
      "1100": "elicit",
      "1101": "can be serious",
      "1102": "also known as",
      "1103": "helps ensure",
      "1104": "classified as",
      "1105": "can be more vulnerable to",
      "1106": "plays a role in",
      "1107": "is located in",
      "1108": "is effective against",
      "1109": "potential use in",
      "1110": "can recur",
      "1111": "can trigger",
      "1112": "can be bactericidal",
      "1113": "is an important factor in",
      "1114": "are excreted through",
      "1115": "a risk factor for",
      "1116": "cannot be treated with",
      "1117": "is a form of",
      "1118": "monitored by",
      "1119": "is commonly",
      "1120": "are influenced by",
      "1121": "impairs",
      "1122": "may occur",
      "1123": "may be impaired",
      "1124": "should be applied",
      "1125": "are classified as",
      "1126": "potential side effect",
      "1127": "can be contraindicated",
      "1128": "should be",
      "1129": "are classified",
      "1130": "levels change in",
      "1131": "should be handled",
      "1132": "can be compromised by",
      "1133": "vary from",
      "1134": "is excessive",
      "1135": "enable",
      "1136": "repair",
      "1137": "is essential for",
      "1138": "aimed at",
      "1139": "attach",
      "1140": "can be prescribed as",
      "1141": "helps remove",
      "1142": "outlines",
      "1143": "caters",
      "1144": "improved with",
      "1145": "often included",
      "1146": "often prescribed",
      "1147": "is an infection of the abdominal lining caused by",
      "1148": "should be protected from",
      "1149": "can opsonize",
      "1150": "can occur alongside",
      "1151": "designed for",
      "1152": "effective",
      "1153": "can be treated with",
      "1154": "needs to be",
      "1155": "deficiency can cause",
      "1156": "are administered for",
      "1157": "can be purchased from",
      "1158": "are involuntary",
      "1159": "can be secreted",
      "1160": "whitens",
      "1161": "provides immunity against",
      "1162": "can carry",
      "1163": "transmit",
      "1164": "can be avoided",
      "1165": "focused on",
      "1166": "are injected",
      "1167": "potentially reduce",
      "1168": "can be transmitted through",
      "1169": "can be more affordable",
      "1170": "a group of",
      "1171": "can be upregulated",
      "1172": "combined with",
      "1173": "can be done through",
      "1174": "handle",
      "1175": "are used to",
      "1176": "dosage adjustments",
      "1177": "are synthesized from",
      "1178": "risk",
      "1179": "remove",
      "1180": "is higher in",
      "1181": "derived from",
      "1182": "banned in",
      "1183": "is common for",
      "1184": "can accelerate",
      "1185": "route",
      "1186": "are developed",
      "1187": "often includes",
      "1188": "taken",
      "1189": "is a kidney infection caused by",
      "1190": "can help diagnose",
      "1191": "should be stopped",
      "1192": "accelerates",
      "1193": "often include",
      "1194": "involves",
      "1195": "used in the treatment of",
      "1196": "applied",
      "1197": "early",
      "1198": "often result from",
      "1199": "can be modified",
      "1200": "can be used in combination with",
      "1201": "should be washed off",
      "1202": "in certain",
      "1203": "side effects",
      "1204": "have",
      "1205": "is a goal for",
      "1206": "can be linked to",
      "1207": "to produce",
      "1208": "when used",
      "1209": "with barrier methods of contraception",
      "1210": "are given to",
      "1211": "also specialize in",
      "1212": "may lower",
      "1213": "can be found",
      "1214": "are regulated",
      "1215": "can harm",
      "1216": "sometimes prescribed for",
      "1217": "duration of diuretic effect",
      "1218": "are not permanent",
      "1219": "may be used for",
      "1220": "can be derived from",
      "1221": "are involved in",
      "1222": "can be divided into",
      "1223": "are made",
      "1224": "to avoid",
      "1225": "can be a result of",
      "1226": "can be administered after",
      "1227": "are prescribed with",
      "1228": "may develop",
      "1229": "can be injected into",
      "1230": "can be consumed",
      "1231": "is common",
      "1232": "can temporarily",
      "1233": "hold",
      "1234": "can minimize",
      "1235": "dissolve",
      "1236": "can predict",
      "1237": "is of",
      "1238": "are determined by",
      "1239": "infused into",
      "1240": "could cause",
      "1241": "accommodate",
      "1242": "triggers",
      "1243": "commonly use",
      "1244": "is performed using",
      "1245": "form",
      "1246": "deliver",
      "1247": "potentiate",
      "1248": "are based on",
      "1249": "aims at",
      "1250": "can be effective against",
      "1251": "detects",
      "1252": "should be gradual",
      "1253": "may undergo",
      "1254": "may be prescribed to",
      "1255": "have an effect on",
      "1256": "aims to prevent",
      "1257": "can be considered",
      "1258": "can be suppressed",
      "1259": "offer",
      "1260": "are treated with",
      "1261": "can also",
      "1262": "may involve",
      "1263": "may be included in",
      "1264": "are commonly recommended for",
      "1265": "may influence",
      "1266": "simplify",
      "1267": "can limit",
      "1268": "are often combined",
      "1269": "should be determined",
      "1270": "need to heal",
      "1271": "may be at increased risk of",
      "1272": "can contain",
      "1273": "can last",
      "1274": "can lead to",
      "1275": "increased risk",
      "1276": "fight",
      "1277": "includes",
      "1278": "can increase",
      "1279": "can predispose",
      "1280": "proves",
      "1281": "specifically target",
      "1282": "typically subside",
      "1283": "work by",
      "1284": "can be discontinued",
      "1285": "control",
      "1286": "differ in",
      "1287": "can be managed with",
      "1288": "can contribute",
      "1289": "recycle",
      "1290": "can be recommended for",
      "1291": "for those",
      "1292": "therapy",
      "1293": "may accidentally ingest",
      "1294": "convenient for",
      "1295": "can ease",
      "1296": "can control",
      "1297": "can be relieved with",
      "1298": "may receive",
      "1299": "helps with",
      "1300": "must be",
      "1301": "are affected by",
      "1302": "are commonly used by",
      "1303": "are used in combination with",
      "1304": "should not be applied",
      "1305": "contributes to",
      "1306": "offered as",
      "1307": "should assess",
      "1308": "should not be taken along with",
      "1309": "is crucial",
      "1310": "are involved",
      "1311": "is important to",
      "1312": "may interfere with",
      "1313": "can be injected",
      "1314": "are regions with",
      "1315": "may suffer",
      "1316": "represents",
      "1317": "is more",
      "1318": "replace",
      "1319": "are responsible for",
      "1320": "are done",
      "1321": "can help with",
      "1322": "helps monitor",
      "1323": "play a role in",
      "1324": "fights",
      "1325": "may vary",
      "1326": "can be administered as",
      "1327": "personalized approach to",
      "1328": "should be exercised",
      "1329": "is cancer that",
      "1330": "for maximum",
      "1331": "can act as",
      "1332": "is often prescribed",
      "1333": "can be controlled with",
      "1334": "are an",
      "1335": "preserves",
      "1336": "leads",
      "1337": "can occur despite",
      "1338": "are crucial for",
      "1339": "often require",
      "1340": "may be worsened",
      "1341": "is considered",
      "1342": "may have difficulty",
      "1343": "expand",
      "1344": "more susceptible",
      "1345": "some",
      "1346": "treats",
      "1347": "important for",
      "1348": "are a class of",
      "1349": "is a life-threatening condition caused by",
      "1350": "useful for",
      "1351": "should discuss",
      "1352": "can be combined",
      "1353": "to facilitate",
      "1354": "alleviated with",
      "1355": "can help restore",
      "1356": "can be increased",
      "1357": "can identify",
      "1358": "separates",
      "1359": "may be available",
      "1360": "accelerate",
      "1361": "lower",
      "1362": "utilizes",
      "1363": "helps maintain",
      "1364": "important to",
      "1365": "are useful in",
      "1366": "may prevent",
      "1367": "do not contain",
      "1368": "is generally recommended",
      "1369": "can be used to reduce",
      "1370": "is monitored",
      "1371": "specifically attack",
      "1372": "given in",
      "1373": "can measure",
      "1374": "can provide relief from",
      "1375": "secreted by",
      "1376": "may be combined",
      "1377": "shape",
      "1378": "can be applied",
      "1379": "administered through",
      "1380": "numbs",
      "1381": "effect",
      "1382": "produces",
      "1383": "is another way",
      "1384": "should not be taken with",
      "1385": "means on the",
      "1386": "can be prescribed",
      "1387": "increases susceptibility to",
      "1388": "should be used cautiously in",
      "1389": "safety",
      "1390": "possible interactions",
      "1391": "not typically used",
      "1392": "occurs",
      "1393": "can be suppressed by",
      "1394": "are produced",
      "1395": "are commonly used as",
      "1396": "evaluate",
      "1397": "minimizes",
      "1398": "deserve",
      "1399": "are linked to",
      "1400": "can promote",
      "1401": "are at increased risk of",
      "1402": "interact with",
      "1403": "can be more susceptible to",
      "1404": "can delay",
      "1405": "can suppress",
      "1406": "is available in",
      "1407": "are composed of",
      "1408": "can be classified as",
      "1409": "should be taken with",
      "1410": "are distributed",
      "1411": "coordinated effort among",
      "1412": "adhere to",
      "1413": "is typically used",
      "1414": "alternative",
      "1415": "addresses",
      "1416": "can be used to",
      "1417": "often used for",
      "1418": "visualizes",
      "1419": "should meet",
      "1420": "dilate",
      "1421": "can transmit",
      "1422": "assist with",
      "1423": "can be tested for",
      "1424": "designed to",
      "1425": "may include",
      "1426": "to optimize",
      "1427": "is stored",
      "1428": "is placed in",
      "1429": "can also be used for",
      "1430": "can have",
      "1431": "reduces the risk of",
      "1432": "developed based on",
      "1433": "are stored in",
      "1434": "can be a part of",
      "1435": "is not effective against",
      "1436": "can pass into",
      "1437": "should be used cautiously",
      "1438": "are helpful in",
      "1439": "have a role in",
      "1440": "used according to",
      "1441": "commonly used to",
      "1442": "can be of",
      "1443": "can benefit",
      "1444": "equipment",
      "1445": "are more common in",
      "1446": "can be influenced",
      "1447": "can be improved with",
      "1448": "are medications used to",
      "1449": "is an abnormal accumulation of",
      "1450": "potentially useful in",
      "1451": "used for treating",
      "1452": "may assist",
      "1453": "inform",
      "1454": "examples",
      "1455": "administered under",
      "1456": "may find relief with",
      "1457": "is an",
      "1458": "higher",
      "1459": "vulnerable to",
      "1460": "factors",
      "1461": "are not",
      "1462": "can be a",
      "1463": "occur when",
      "1464": "commonly prescribed for",
      "1465": "can be tailored to",
      "1466": "a life-threatening",
      "1467": "aims to",
      "1468": "are associated with",
      "1469": "often associated",
      "1470": "levels",
      "1471": "can be prescribed by",
      "1472": "for optimal",
      "1473": "is an essential",
      "1474": "should not be given",
      "1475": "guarantees",
      "1476": "should not be used by",
      "1477": "are reimbursed",
      "1478": "can help manage",
      "1479": "available as",
      "1480": "cleans",
      "1481": "potential to",
      "1482": "can be regulated by",
      "1483": "are sometimes",
      "1484": "can be used in combination",
      "1485": "come with",
      "1486": "can be combined with",
      "1487": "increase",
      "1488": "substances",
      "1489": "are released by",
      "1490": "necessitates",
      "1491": "ensures",
      "1492": "aids",
      "1493": "the risk of",
      "1494": "help eliminate",
      "1495": "can be administered with",
      "1496": "are authorized",
      "1497": "is a system for",
      "1498": "are characterized by",
      "1499": "effective for",
      "1500": "regulated by",
      "1501": "can be modulated by",
      "1502": "consist of",
      "1503": "a symptom of",
      "1504": "should be followed",
      "1505": "can aid with",
      "1506": "sometimes used for",
      "1507": "help in",
      "1508": "benefits",
      "1509": "administered by",
      "1510": "modifies",
      "1511": "tailored to",
      "1512": "play a critical role",
      "1513": "should be addressed in",
      "1514": "enhances",
      "1515": "involve",
      "1516": "may be caused by",
      "1517": "can grow in",
      "1518": "can be cleared",
      "1519": "can act on",
      "1520": "by altering the",
      "1521": "not recommended",
      "1522": "typically covered",
      "1523": "is needed in",
      "1524": "by improving",
      "1525": "should be disposed of",
      "1526": "does not cause",
      "1527": "coverage can",
      "1528": "outline",
      "1529": "useful in",
      "1530": "can mimic",
      "1531": "antibiotics",
      "1532": "are categorized as",
      "1533": "may contribute to",
      "1534": "prescribed for",
      "1535": "also available as",
      "1536": "suppress",
      "1537": "reflect",
      "1538": "doses",
      "1539": "are essential for",
      "1540": "are caused by",
      "1541": "can be sterilized",
      "1542": "given to",
      "1543": "relies on",
      "1544": "relates to",
      "1545": "can restore",
      "1546": "infused with",
      "1547": "treatment",
      "1548": "potentially treat",
      "1549": "should not be used in",
      "1550": "leading cause of",
      "1551": "is a catabolic",
      "1552": "helps streamline",
      "1553": "is the process of",
      "1554": "is determined by",
      "1555": "is easier to",
      "1556": "provide instructions on",
      "1557": "is an infection of the heart valves caused by",
      "1558": "may be covered by",
      "1559": "commonly used",
      "1560": "can vary in",
      "1561": "can be included",
      "1562": "helps determine",
      "1563": "help to",
      "1564": "are tailored to",
      "1565": "may recommend",
      "1566": "are produced by",
      "1567": "can pass",
      "1568": "may relieve",
      "1569": "is characterized by",
      "1570": "may be exposed to",
      "1571": "may be less effective in",
      "1572": "are needed for",
      "1573": "should not be taken",
      "1574": "are generally",
      "1575": "can be used in",
      "1576": "may result in",
      "1577": "interactions",
      "1578": "have been shown to",
      "1579": "comprises of",
      "1580": "should not be used for",
      "1581": "sell",
      "1582": "are combined with",
      "1583": "can be obtained from",
      "1584": "combine",
      "1585": "has a",
      "1586": "can be recommended",
      "1587": "can lower",
      "1588": "can relieve",
      "1589": "should be injected",
      "1590": "may be taken",
      "1591": "can be exacerbated by",
      "1592": "are commonly prescribed",
      "1593": "is necessary for",
      "1594": "is effective in",
      "1595": "can be decreased",
      "1596": "may be necessary for",
      "1597": "can relax",
      "1598": "work together for",
      "1599": "is possible for",
      "1600": "assesses",
      "1601": "required",
      "1602": "is optimal",
      "1603": "is trained to",
      "1604": "can affect the",
      "1605": "maintain",
      "1606": "may require",
      "1607": "use",
      "1608": "generates",
      "1609": "can be bought",
      "1610": "specialize in",
      "1611": "helps to maintain",
      "1612": "are closely monitored",
      "1613": "may implement",
      "1614": "can adjust",
      "1615": "can result from",
      "1616": "is dependent on",
      "1617": "are administered by",
      "1618": "diluted with",
      "1619": "is a risk factor for",
      "1620": "halts",
      "1621": "may lead to",
      "1622": "can supplement",
      "1623": "need to",
      "1624": "are covered",
      "1625": "are believed to be",
      "1626": "response",
      "1627": "can be",
      "1628": "evaluates",
      "1629": "is important in",
      "1630": "can strengthen",
      "1631": "helps the body",
      "1632": "may increase",
      "1633": "may be used as",
      "1634": "can be used",
      "1635": "soothes",
      "1636": "dressings eliminate",
      "1637": "can restrict",
      "1638": "can interfere",
      "1639": "seek",
      "1640": "should be discarded",
      "1641": "prescribed alongside",
      "1642": "monitored for",
      "1643": "can persist",
      "1644": "include",
      "1645": "should not be used alongside",
      "1646": "based on",
      "1647": "may be used in",
      "1648": "can be expensive and",
      "1649": "can be purified",
      "1650": "are fluid-filled",
      "1651": "may be effective against",
      "1652": "can outweigh",
      "1653": "may aid",
      "1654": "sometimes used",
      "1655": "facilitate",
      "1656": "can be customized for",
      "1657": "general",
      "1658": "by providing",
      "1659": "are continuously monitored",
      "1660": "is needed for",
      "1661": "is a measure of",
      "1662": "should be limited",
      "1663": "communicate",
      "1664": "usually subsides",
      "1665": "takes into account",
      "1666": "should be avoided by",
      "1667": "maximizes",
      "1668": "collaborate with",
      "1669": "should not",
      "1670": "used for",
      "1671": "is commonly done",
      "1672": "are medical conditions",
      "1673": "occurs in",
      "1674": "is accelerated by",
      "1675": "have undergone",
      "1676": "contraindicated",
      "1677": "secure",
      "1678": "often prescribed in",
      "1679": "may weaken",
      "1680": "helps preserve",
      "1681": "avoids",
      "1682": "may ease",
      "1683": "is not recommended",
      "1684": "potential interactions should be",
      "1685": "is inhibited by",
      "1686": "is a severe tissue infection caused by",
      "1687": "fall under",
      "1688": "decreases production of",
      "1689": "can help relieve",
      "1690": "may give inaccurate results",
      "1691": "can be recommended by",
      "1692": "may exacerbate",
      "1693": "not cure",
      "1694": "is called",
      "1695": "can help to",
      "1696": "mimic",
      "1697": "may impact",
      "1698": "can be treated",
      "1699": "authorized for",
      "1700": "potential side effects",
      "1701": "may be used to",
      "1702": "can alleviate",
      "1703": "does not",
      "1704": "are produced from",
      "1705": "have extended",
      "1706": "may not be",
      "1707": "are indicators of",
      "1708": "are used to treat",
      "1709": "can provide",
      "1710": "are considered",
      "1711": "distinguishes",
      "1712": "refer to",
      "1713": "determined by",
      "1714": "are included in",
      "1715": "may be needed",
      "1716": "can be optimized with",
      "1717": "may be available in",
      "1718": "will be",
      "1719": "in preventing",
      "1720": "may contraindicate",
      "1721": "act",
      "1722": "result from",
      "1723": "can discourage",
      "1724": "should be mentioned",
      "1725": "are categorized into",
      "1726": "may be necessary to",
      "1727": "achieved with",
      "1728": "is often combined with",
      "1729": "are prone to",
      "1730": "eliminate",
      "1731": "have been associated with",
      "1732": "are made based on",
      "1733": "through appropriate",
      "1734": "used as",
      "1735": "are in",
      "1736": "are benign",
      "1737": "is important",
      "1738": "at",
      "1739": "should be followed for",
      "1740": "common symptoms of",
      "1741": "helps guide",
      "1742": "class",
      "1743": "assists in",
      "1744": "can be prevented",
      "1745": "to maximize",
      "1746": "can damage",
      "1747": "can occur after",
      "1748": "potentially enhance",
      "1749": "agents may cause",
      "1750": "assess",
      "1751": "can support",
      "1752": "may be less effective in the presence of",
      "1753": "are not intended for",
      "1754": "changes",
      "1755": "is necessary",
      "1756": "should be adjusted",
      "1757": "is often treated with",
      "1758": "can form",
      "1759": "may be combined with",
      "1760": "undergo",
      "1761": "affecting the",
      "1762": "medication class",
      "1763": "stands for",
      "1764": "helps",
      "1765": "plays a role",
      "1766": "an infectious",
      "1767": "taken orally",
      "1768": "could include",
      "1769": "can empower",
      "1770": "are categorized under",
      "1771": "are related to",
      "1772": "can be toxic",
      "1773": "can be relieved by",
      "1774": "at risk for",
      "1775": "an integral part of",
      "1776": "retains",
      "1777": "are located",
      "1778": "covers",
      "1779": "prescribed by",
      "1780": "are recommended for",
      "1781": "can be obtained through",
      "1782": "hormonal therapies",
      "1783": "can be severe",
      "1784": "of lipid modifying agents",
      "1785": "should be tapered",
      "1786": "should be carefully considered",
      "1787": "can decrease the effectiveness of",
      "1788": "can help",
      "1789": "manufactured according to",
      "1790": "can manifest as",
      "1791": "are more prone to",
      "1792": "can help reduce",
      "1793": "at greater risk for",
      "1794": "can change",
      "1795": "administer",
      "1796": "does not have",
      "1797": "have specific",
      "1798": "is a bone infection caused by",
      "1799": "mechanism of action",
      "1800": "are a key",
      "1801": "aligns",
      "1802": "delivered via",
      "1803": "influence",
      "1804": "are more likely to",
      "1805": "stages of",
      "1806": "informed by",
      "1807": "should not be used concurrently with",
      "1808": "influences",
      "1809": "require",
      "1810": "can indicate",
      "1811": "can enhance the",
      "1812": "should be taken as",
      "1813": "a severe form of",
      "1814": "belong to",
      "1815": "is conducted",
      "1816": "can also be used",
      "1817": "can assist",
      "1818": "increased sedation",
      "1819": "is a common vaginal infection caused by",
      "1820": "is a sudden drop in",
      "1821": "should not be injected",
      "1822": "capture",
      "1823": "integrates",
      "1824": "provides convenience",
      "1825": "applied externally",
      "1826": "are a common side effect",
      "1827": "inhibits",
      "1828": "action",
      "1829": "can be metabolized",
      "1830": "can effectively eradicate",
      "1831": "is determined",
      "1832": "are transmitted from",
      "1833": "deficiency can lead to",
      "1834": "treatment can include",
      "1835": "allows",
      "1836": "is related to",
      "1837": "mean",
      "1838": "are limited",
      "1839": "can tailor",
      "1840": "can alter",
      "1841": "are subject to",
      "1842": "impacts",
      "1843": "to the medication",
      "1844": "may prescribe",
      "1845": "is also found",
      "1846": "are cancers that",
      "1847": "allows for",
      "1848": "can boost",
      "1849": "are commonly used in",
      "1850": "alter",
      "1851": "do not protect against",
      "1852": "can show",
      "1853": "can also include",
      "1854": "is the source of",
      "1855": "is converted to",
      "1856": "can be downregulated",
      "1857": "can be administered orally",
      "1858": "are usually",
      "1859": "are not effective against",
      "1860": "can break down",
      "1861": "prioritizes",
      "1862": "are convenient for",
      "1863": "can improve",
      "1864": "consists of",
      "1865": "strive to",
      "1866": "mechanism",
      "1867": "occur",
      "1868": "to track",
      "1869": "impacted by",
      "1870": "should not be stopped",
      "1871": "to maintain",
      "1872": "can remove",
      "1873": "may be contraindicated with",
      "1874": "should be used responsibly to",
      "1875": "a risk of",
      "1876": "should not be crushed",
      "1877": "determines",
      "1878": "does not affect",
      "1879": "can also treat",
      "1880": "is a common",
      "1881": "can treat",
      "1882": "may be used with",
      "1883": "can be dosed",
      "1884": "can dilate the blood vessels",
      "1885": "refresh",
      "1886": "is necessary due to",
      "1887": "engage in",
      "1888": "may decline",
      "1889": "allow for",
      "1890": "may provide",
      "1891": "is increased",
      "1892": "is a treatment for",
      "1893": "should be used for",
      "1894": "sometimes requires",
      "1895": "is vital for",
      "1896": "contains",
      "1897": "sometimes contain",
      "1898": "can sometimes",
      "1899": "can decrease the absorption of",
      "1900": "is the most common route",
      "1901": "can be decreased by",
      "1902": "coverage",
      "1903": "takes out",
      "1904": "provide options for",
      "1905": "are stored",
      "1906": "can be a sign of",
      "1907": "considers",
      "1908": "are prescribed to",
      "1909": "can be prescribed during",
      "1910": "prescribed",
      "1911": "is often caused by",
      "1912": "is contraindicated in",
      "1913": "should be changed",
      "1914": "helps detect",
      "1915": "can also help",
      "1916": "also includes",
      "1917": "can be necessary",
      "1918": "can be administered",
      "1919": "should only be used",
      "1920": "aid",
      "1921": "can be used for",
      "1922": "customizes",
      "1923": "as",
      "1924": "can benefit from",
      "1925": "of",
      "1926": "are not effective",
      "1927": "are at",
      "1928": "is acquired through",
      "1929": "may pose",
      "1930": "options",
      "1931": "are sudden",
      "1932": "can lead",
      "1933": "can be downregulated by",
      "1934": "was developed by",
      "1935": "correct",
      "1936": "may not provide",
      "1937": "benefit",
      "1938": "may not be suitable for",
      "1939": "can be inhibited by",
      "1940": "may promote",
      "1941": "are proteins that",
      "1942": "focus on",
      "1943": "may prefer",
      "1944": "have an impact on",
      "1945": "precedes",
      "1946": "may be prescribed with",
      "1947": "can degrade",
      "1948": "prevent",
      "1949": "in terms of",
      "1950": "detect",
      "1951": "does not require",
      "1952": "can shape",
      "1953": "teaches",
      "1954": "should be assessed",
      "1955": "widen",
      "1956": "lasts for",
      "1957": "is stored in",
      "1958": "are important",
      "1959": "common symptom of",
      "1960": "can develop due to",
      "1961": "manage",
      "1962": "may dictate",
      "1963": "toxicity",
      "1964": "can also have",
      "1965": "can be administered according to",
      "1966": "filled with",
      "1967": "has antioxidant",
      "1968": "chemicals",
      "1969": "should not be combined with",
      "1970": "in women undergoing",
      "1971": "are eliminated from",
      "1972": "can reduce the effectiveness of",
      "1973": "work together to",
      "1974": "administered during",
      "1975": "are vital for",
      "1976": "can be managed through",
      "1977": "aim to",
      "1978": "can be preserved with",
      "1979": "can be identified through",
      "1980": "sometimes recommended for",
      "1981": "can offer",
      "1982": "is a",
      "1983": "creates",
      "1984": "aided by",
      "1985": "at higher risk for",
      "1986": "can occur as a result of",
      "1987": "characterized by",
      "1988": "may reduce the effectiveness of",
      "1989": "need a",
      "1990": "specialized in",
      "1991": "in long-term",
      "1992": "is a global",
      "1993": "can be diagnosed through",
      "1994": "inserted",
      "1995": "can be done",
      "1996": "are contraindicated in",
      "1997": "often linked to",
      "1998": "can be found in",
      "1999": "often cause",
      "2000": "may interact with",
      "2001": "can be accessed",
      "2002": "should not be abruptly discontinued in",
      "2003": "should take into account",
      "2004": "can aggravate",
      "2005": "brand name",
      "2006": "should be used in",
      "2007": "should be checked",
      "2008": "help maintain",
      "2009": "can complement",
      "2010": "should be discussed with",
      "2011": "can be used to prevent",
      "2012": "results from",
      "2013": "should be obtained from",
      "2014": "may be contraindicated",
      "2015": "is necessary to",
      "2016": "guides",
      "2017": "receptor",
      "2018": "can slow down",
      "2019": "can be converted to",
      "2020": "can guide",
      "2021": "provides",
      "2022": "are the",
      "2023": "can be on",
      "2024": "in achieving",
      "2025": "can be safe for",
      "2026": "take longer",
      "2027": "effective against",
      "2028": "are a common",
      "2029": "not suitable for",
      "2030": "helps minimize",
      "2031": "often applied to",
      "2032": "sometimes combined",
      "2033": "can be initiated",
      "2034": "can affect the effectiveness of",
      "2035": "should avoid",
      "2036": "are only",
      "2037": "recommend",
      "2038": "administered according to",
      "2039": "dissolved in",
      "2040": "indicated for",
      "2041": "carry",
      "2042": "can be based on",
      "2043": "are suitable",
      "2044": "can reduce the diuretic effect of",
      "2045": "obtains",
      "2046": "aims to reduce",
      "2047": "investigates",
      "2048": "are used for",
      "2049": "have an increased risk of",
      "2050": "encourages",
      "2051": "can be donated",
      "2052": "can be indicative of",
      "2053": "prolonged use of",
      "2054": "can visualize",
      "2055": "can be given",
      "2056": "should not be shared with",
      "2057": "are classified by",
      "2058": "are often",
      "2059": "can mitigate",
      "2060": "can consist of",
      "2061": "is commonly used in",
      "2062": "is an infection of the fluid-filled sacs near joints caused by",
      "2063": "temporarily alleviates",
      "2064": "can be affected",
      "2065": "manifest as",
      "2066": "must be prescribed by",
      "2067": "can be prescribed alongside",
      "2068": "approved for",
      "2069": "can be made",
      "2070": "is absorbed",
      "2071": "is a symptom of",
      "2072": "can be improved",
      "2073": "factor in",
      "2074": "can be impacted by",
      "2075": "can ensure",
      "2076": "should not take",
      "2077": "is a contraindication for",
      "2078": "is involved in",
      "2079": "is a consideration",
      "2080": "can be prescribed under",
      "2081": "are specifically formulated for",
      "2082": "is typically for",
      "2083": "counteract",
      "2084": "is beneficial for",
      "2085": "relieved with",
      "2086": "can be worsened by",
      "2087": "should only",
      "2088": "distributes",
      "2089": "belongs to",
      "2090": "is induced to",
      "2091": "distributed to",
      "2092": "can cause",
      "2093": "can also be administered",
      "2094": "can diagnose",
      "2095": "debride",
      "2096": "should be stored away from",
      "2097": "by increasing",
      "2098": "should be evaluated",
      "2099": "can maintain",
      "2100": "are used in",
      "2101": "is for",
      "2102": "to prevent",
      "2103": "can be released during",
      "2104": "sometimes used as",
      "2105": "vary",
      "2106": "should be taken at",
      "2107": "at risk of",
      "2108": "should be discontinued",
      "2109": "are taken",
      "2110": "helps to prevent",
      "2111": "suitable for",
      "2112": "can determine",
      "2113": "commonly seen in",
      "2114": "often",
      "2115": "are a type of",
      "2116": "means that",
      "2117": "with the",
      "2118": "is ideal",
      "2119": "should be shaken",
      "2120": "should be reported",
      "2121": "could be beneficial for",
      "2122": "can compromise",
      "2123": "can be administered at",
      "2124": "suffer",
      "2125": "due to",
      "2126": "are targeted for",
      "2127": "is advised",
      "2128": "are more",
      "2129": "after the expiration date",
      "2130": "is associated with",
      "2131": "is more common in",
      "2132": "may benefit from",
      "2133": "have knowledge of",
      "2134": "can assist in",
      "2135": "need to consider",
      "2136": "can be alleviated by",
      "2137": "optimal",
      "2138": "often involves",
      "2139": "can be alleviated",
      "2140": "can refer to",
      "2141": "is commonly caused by",
      "2142": "supplied to",
      "2143": "play a role",
      "2144": "should consult",
      "2145": "are temporary",
      "2146": "play a crucial role",
      "2147": "precautions",
      "2148": "identifies",
      "2149": "can be harmful",
      "2150": "trained in",
      "2151": "are approved",
      "2152": "are critical for",
      "2153": "should follow",
      "2154": "may suppress",
      "2155": "application",
      "2156": "alleviates",
      "2157": "can detect",
      "2158": "can mask",
      "2159": "can potentially interact with",
      "2160": "are used with",
      "2161": "may help",
      "2162": "is required for",
      "2163": "used by",
      "2164": "possibly alleviate",
      "2165": "follow",
      "2166": "are severe",
      "2167": "ordered by",
      "2168": "can result in",
      "2169": "dosage",
      "2170": "are not effective in",
      "2171": "are expensive",
      "2172": "straighten",
      "2173": "teach",
      "2174": "means following",
      "2175": "formula",
      "2176": "can be adjusted",
      "2177": "can be applied to",
      "2178": "should be reviewed for",
      "2179": "can confirm",
      "2180": "are typically taken",
      "2181": "is an infection of the female reproductive organs caused by",
      "2182": "drugs",
      "2183": "may also",
      "2184": "frequently used",
      "2185": "improves",
      "2186": "most common route",
      "2187": "before",
      "2188": "foundation of",
      "2189": "stimulate",
      "2190": "can work as",
      "2191": "taken by",
      "2192": "is a preventive",
      "2193": "can be effective in",
      "2194": "can be disturbed in",
      "2195": "are naturally produced",
      "2196": "is achieved through",
      "2197": "allow",
      "2198": "provide",
      "2199": "can address",
      "2200": "may be adjusted",
      "2201": "introduce",
      "2202": "are prescribed based on",
      "2203": "should be prescribed by",
      "2204": "also used",
      "2205": "moisturizes",
      "2206": "is not recommended for",
      "2207": "potential effectiveness",
      "2208": "are funded",
      "2209": "which may require",
      "2210": "can be resistant to",
      "2211": "may hamper",
      "2212": "requires",
      "2213": "should be used judiciously to",
      "2214": "taken with",
      "2215": "may be sufficient",
      "2216": "performs",
      "2217": "are manufactured by",
      "2218": "can be contraindicated in",
      "2219": "is used to",
      "2220": "may carry",
      "2221": "should be monitored by",
      "2222": "are not suitable",
      "2223": "fight against",
      "2224": "may be more sensitive to",
      "2225": "worsens",
      "2226": "regulates",
      "2227": "are not recommended",
      "2228": "fundamental principle of",
      "2229": "transport",
      "2230": "common",
      "2231": "a bacterial",
      "2232": "is used in",
      "2233": "often have",
      "2234": "function",
      "2235": "mode of action",
      "2236": "are safe",
      "2237": "can be used alongside",
      "2238": "to improve",
      "2239": "can significantly impact",
      "2240": "may produce",
      "2241": "deters",
      "2242": "is aimed at",
      "2243": "may be made of",
      "2244": "block",
      "2245": "save",
      "2246": "are at risk of",
      "2247": "is excreted in",
      "2248": "for better",
      "2249": "sanitize",
      "2250": "will provide",
      "2251": "need",
      "2252": "can help in",
      "2253": "are also used",
      "2254": "helps assess",
      "2255": "can bind to",
      "2256": "can protect",
      "2257": "a growing",
      "2258": "can be promoted",
      "2259": "makes other gynecologicals",
      "2260": "can be released in",
      "2261": "maintains",
      "2262": "should be discussed",
      "2263": "believed to",
      "2264": "can complicate",
      "2265": "is generally safe to use",
      "2266": "attaches",
      "2267": "can be achieved through",
      "2268": "can experience",
      "2269": "prevents",
      "2270": "compete",
      "2271": "may be used under",
      "2272": "also classified as",
      "2273": "are",
      "2274": "may also involve",
      "2275": "are applied to",
      "2276": "surrounds",
      "2277": "can cross",
      "2278": "should be avoided",
      "2279": "is the absence of",
      "2280": "influenced by",
      "2281": "depends on",
      "2282": "often prescribed with"
}