{
      "is an important": 0,
      "may experience": 1,
      "mixed with": 2,
      "assist": 3,
      "are contraindicated": 4,
      "recommended": 5,
      "can be measured": 6,
      "measured by": 7,
      "necessary for": 8,
      "address through": 9,
      "break down": 10,
      "can be stored at": 11,
      "detected by": 12,
      "filters": 13,
      "support": 14,
      "may need to be": 15,
      "offers": 16,
      "are necessary": 17,
      "may deteriorate": 18,
      "can consider": 19,
      "may be followed by": 20,
      "can evolve": 21,
      "increases the susceptibility to": 22,
      "with a": 23,
      "commonly used in": 24,
      "may worsen": 25,
      "used to": 26,
      "monitor for signs of": 27,
      "causes": 28,
      "should be discarded properly after": 29,
      "increases the risk of": 30,
      "can be boosted by": 31,
      "can be overcome with": 32,
      "sometimes used in": 33,
      "carries": 34,
      "may be found in": 35,
      "is facilitated by": 36,
      "is based on": 37,
      "are commonly caused by": 38,
      "helps to": 39,
      "monitors": 40,
      "can be impaired": 41,
      "can be available as": 42,
      "can elevate": 43,
      "are required": 44,
      "needed for": 45,
      "help remove": 46,
      "should not be used with": 47,
      "caused by": 48,
      "enhanced sedation": 49,
      "valuable in": 50,
      "may be described": 51,
      "can neutralize": 52,
      "avoid": 53,
      "can be administered via": 54,
      "may boost": 55,
      "can be performed for": 56,
      "is a chronic": 57,
      "can come in": 58,
      "is crucial in": 59,
      "are specialists in": 60,
      "are dedicated to": 61,
      "are reported": 62,
      "not suitable": 63,
      "makes intestinal adsorbents": 64,
      "may also contain": 65,
      "can coexist with": 66,
      "can activate": 67,
      "keep": 68,
      "are listed": 69,
      "are specific conditions": 70,
      "transmitted through": 71,
      "should be considered in": 72,
      "approved by": 73,
      "work": 74,
      "can evaluate": 75,
      "help regulate": 76,
      "cover": 77,
      "simplifies": 78,
      "can be monitored through": 79,
      "developed through": 80,
      "are sometimes used": 81,
      "applied to": 82,
      "should not be split": 83,
      "important component": 84,
      "tailors treatment": 85,
      "are given at": 86,
      "important in": 87,
      "emphasizes": 88,
      "produced using": 89,
      "an important goal of": 90,
      "authorized by": 91,
      "are resistant to": 92,
      "under research for": 93,
      "can be sterile": 94,
      "illegal": 95,
      "should be used with caution in": 96,
      "involved in": 97,
      "specially designed for": 98,
      "can be cytotoxic": 99,
      "are commonly prescribed for": 100,
      "has": 101,
      "is important for": 102,
      "distinguishes between": 103,
      "may not always guarantee": 104,
      "can be beneficial": 105,
      "assures": 106,
      "is a sign of": 107,
      "to minimize": 108,
      "is ongoing for": 109,
      "activate": 110,
      "are common in": 111,
      "may be needed for": 112,
      "route of administration": 113,
      "administered antibiotics": 114,
      "by": 115,
      "inhibit": 116,
      "can be increased by": 117,
      "can be evaluated by": 118,
      "can be delivered": 119,
      "can slow": 120,
      "is key for": 121,
      "have a": 122,
      "often associated with": 123,
      "is needed to": 124,
      "should be disposed": 125,
      "potentially effective in": 126,
      "manufactured by": 127,
      "are applied directly to": 128,
      "targets": 129,
      "can metastasize": 130,
      "refers to": 131,
      "in reducing": 132,
      "are taken by": 133,
      "are susceptible to": 134,
      "at the same time each day": 135,
      "help manage": 136,
      "may be affected by": 137,
      "should be swallowed": 138,
      "often comorbid": 139,
      "play a crucial role in": 140,
      "are at higher risk of": 141,
      "target": 142,
      "should be identified": 143,
      "measures": 144,
      "is found in": 145,
      "can depend on": 146,
      "restores": 147,
      "may be administered through": 148,
      "is used": 149,
      "are absorbed": 150,
      "may": 151,
      "protect": 152,
      "are prescribed": 153,
      "optimize": 154,
      "can exacerbate": 155,
      "may be compromised by": 156,
      "are formulated as": 157,
      "contribute to": 158,
      "helps alleviate": 159,
      "can be obtained": 160,
      "should be considered before": 161,
      "can be administered before": 162,
      "may mistake them": 163,
      "can prevent": 164,
      "increases": 165,
      "integral part of": 166,
      "may be at risk of": 167,
      "not recommended for": 168,
      "crucial to": 169,
      "should be monitored for": 170,
      "avoid using": 171,
      "with proper": 172,
      "may depend on": 173,
      "may qualify for": 174,
      "helps prepare": 175,
      "was previously": 176,
      "are administered through": 177,
      "may be a sign of": 178,
      "is maintained by": 179,
      "pose a": 180,
      "can be prescribed to": 181,
      "often due to": 182,
      "manufactured following": 183,
      "protects": 184,
      "may treat": 185,
      "rapid onset": 186,
      "have a shorter duration of action": 187,
      "can be detected": 188,
      "may regulate": 189,
      "are categorized in": 190,
      "reduce": 191,
      "can be treated through": 192,
      "restore": 193,
      "requirement": 194,
      "result in": 195,
      "achieved through": 196,
      "may be prescribed for": 197,
      "can be prone to": 198,
      "isolates": 199,
      "is available": 200,
      "are typically": 201,
      "containing the": 202,
      "produce": 203,
      "release": 204,
      "should complete": 205,
      "are necessary to": 206,
      "commonly prescribed": 207,
      "is an infection of the sac surrounding the heart caused by": 208,
      "can be provided": 209,
      "are used as": 210,
      "preferred": 211,
      "signifies": 212,
      "can provide insights into": 213,
      "may target": 214,
      "may take": 215,
      "may be necessary": 216,
      "may be at": 217,
      "can be measured using": 218,
      "are commonly used": 219,
      "should take": 220,
      "can be useful": 221,
      "are facilitated by": 222,
      "clean": 223,
      "should be used as": 224,
      "are included": 225,
      "can be triggered by": 226,
      "are available for": 227,
      "applied locally": 228,
      "can interact": 229,
      "can be administered for": 230,
      "is essential": 231,
      "are beneficial for": 232,
      "helps manage": 233,
      "converts": 234,
      "are recommended": 235,
      "can heal": 236,
      "is driven by": 237,
      "should be stored in": 238,
      "is affected by": 239,
      "may be disrupted by": 240,
      "is important during": 241,
      "can help alleviate": 242,
      "emit": 243,
      "can undergo": 244,
      "may protect": 245,
      "who": 246,
      "may be used": 247,
      "should be prescribed": 248,
      "a mosquito-borne": 249,
      "to protect": 250,
      "can be associated with": 251,
      "interacts with": 252,
      "can occur": 253,
      "should start": 254,
      "considered": 255,
      "should have": 256,
      "bind": 257,
      "have different": 258,
      "simulate": 259,
      "administered to": 260,
      "used illegally": 261,
      "is the formation of": 262,
      "used prophylactically to prevent": 263,
      "role in": 264,
      "complements": 265,
      "done by": 266,
      "induce": 267,
      "performed": 268,
      "refreshes": 269,
      "should fade": 270,
      "not a substitute for": 271,
      "can also be": 272,
      "nature means": 273,
      "can be an option": 274,
      "can play a role in": 275,
      "can kill": 276,
      "potentially relieve": 277,
      "administered with": 278,
      "can be achieved": 279,
      "filter": 280,
      "can assess": 281,
      "can include": 282,
      "to ensure": 283,
      "is responsible for": 284,
      "used in conjunction": 285,
      "by assisting": 286,
      "are available as": 287,
      "are available by": 288,
      "of antigout preparations": 289,
      "play a part in": 290,
      "do not require": 291,
      "may be more susceptible to": 292,
      "can be in": 293,
      "may support": 294,
      "normal": 295,
      "aid in": 296,
      "can be observed": 297,
      "can help control": 298,
      "treat": 299,
      "crucial in": 300,
      "a common": 301,
      "set": 302,
      "are not recommended for": 303,
      "classifies": 304,
      "are important for": 305,
      "increased sensitivity to": 306,
      "relax": 307,
      "can be enhanced by": 308,
      "deficiency": 309,
      "provided through": 310,
      "in rare cases": 311,
      "sterilizes": 312,
      "manages": 313,
      "should include": 314,
      "commonly treated with": 315,
      "are at increased risk for": 316,
      "can reveal": 317,
      "can occur as a": 318,
      "can decrease": 319,
      "can worsen": 320,
      "can be part of": 321,
      "are found in": 322,
      "should not replace": 323,
      "are often administered": 324,
      "is assessed through": 325,
      "are not suitable for": 326,
      "need to be taken": 327,
      "is often": 328,
      "beneficial for": 329,
      "can contribute to": 330,
      "should be taken exactly as": 331,
      "can manifest": 332,
      "determined based on": 333,
      "is caused by": 334,
      "they are": 335,
      "have increased": 336,
      "processes": 337,
      "prescribed with": 338,
      "are also known as": 339,
      "can vary": 340,
      "assessed by": 341,
      "can be obtained as": 342,
      "vary based on": 343,
      "a serious": 344,
      "strives for": 345,
      "is a life-threatening infection caused by": 346,
      "have different dosing requirements": 347,
      "included in": 348,
      "potentially decrease": 349,
      "contrast media": 350,
      "are triggered by": 351,
      "can also be classified as": 352,
      "agents": 353,
      "can be involved": 354,
      "allows the immune system": 355,
      "can be taken": 356,
      "prolongs": 357,
      "may need to be avoided in": 358,
      "can optimize": 359,
      "categorizes": 360,
      "should be individualized": 361,
      "are sometimes prescribed for": 362,
      "are often used in": 363,
      "is suitable for": 364,
      "allergic reactions": 365,
      "varies": 366,
      "fixes": 367,
      "indicates": 368,
      "is an indicator of": 369,
      "are effective in": 370,
      "can be expensive": 371,
      "involves monitoring symptoms": 372,
      "may resolve": 373,
      "should not exceed": 374,
      "tailors": 375,
      "peripherally acting": 376,
      "can also be combined with": 377,
      "can offset": 378,
      "can be categorized as": 379,
      "are available": 380,
      "may interact": 381,
      "vary depending on": 382,
      "can aid in": 383,
      "is metabolized by": 384,
      "advised for": 385,
      "used to manage": 386,
      "may be covered": 387,
      "are different from": 388,
      "is the goal of": 389,
      "can be influenced by": 390,
      "can develop": 391,
      "may be associated with": 392,
      "can overcome": 393,
      "is a condition of": 394,
      "can be measured by": 395,
      "need to be": 396,
      "are metabolized": 397,
      "should be tapered off": 398,
      "are beneficial in": 399,
      "treatment option": 400,
      "should monitor": 401,
      "should be reported to": 402,
      "available in": 403,
      "improves with": 404,
      "responsible for": 405,
      "used in combination with": 406,
      "are regulated by": 407,
      "are part of": 408,
      "should be kept": 409,
      "is connected to": 410,
      "can pose": 411,
      "is a key": 412,
      "should be guided": 413,
      "lead to": 414,
      "is necessary for the": 415,
      "controlled with": 416,
      "are used on": 417,
      "contribute": 418,
      "may be correlated with": 419,
      "can accommodate": 420,
      "should be based on": 421,
      "can be disrupted by": 422,
      "can limit access for": 423,
      "mimic the": 424,
      "may contain": 425,
      "increase the": 426,
      "limits": 427,
      "can be administered by": 428,
      "are applied": 429,
      "applied topically": 430,
      "can be monitored": 431,
      "play a": 432,
      "play a significant role in": 433,
      "can be altered by": 434,
      "effective in": 435,
      "are present in": 436,
      "may be treated with": 437,
      "can significantly affect": 438,
      "compared to": 439,
      "can be affected by": 440,
      "necessary to": 441,
      "stabilize": 442,
      "by promoting": 443,
      "may be a symptom of": 444,
      "treatment duration": 445,
      "can be characterized by": 446,
      "can impair": 447,
      "a zoonotic": 448,
      "should be accessible to": 449,
      "combination with vitamin B6 and B12 can improve": 450,
      "critical for": 451,
      "also include": 452,
      "is a shared": 453,
      "protects against": 454,
      "cause": 455,
      "can affect": 456,
      "not": 457,
      "a tick-borne": 458,
      "can be evaluated through": 459,
      "promote": 460,
      "may manifest as": 461,
      "cannot produce": 462,
      "focuses on": 463,
      "must be stored": 464,
      "have antimicrobial": 465,
      "is typically": 466,
      "injected into": 467,
      "help evaluate": 468,
      "is recommended": 469,
      "can reduce": 470,
      "may affect": 471,
      "is used for": 472,
      "are effective": 473,
      "can influence": 474,
      "should consider": 475,
      "can preserve": 476,
      "used during": 477,
      "necessary": 478,
      "may warrant": 479,
      "can interact with": 480,
      "is stimulated by": 481,
      "test": 482,
      "primary goal of": 483,
      "are metabolized by": 484,
      "can be seen as": 485,
      "are hormones that": 486,
      "interfere with": 487,
      "may be indicated for": 488,
      "supplies": 489,
      "is converted": 490,
      "lines": 491,
      "help prevent": 492,
      "indicate": 493,
      "are generally safe": 494,
      "are anti-inflammatory": 495,
      "through monitoring": 496,
      "may not be effective against": 497,
      "can be prescribed for": 498,
      "leads to": 499,
      "adjust": 500,
      "may necessitate": 501,
      "can be used to treat": 502,
      "can stimulate": 503,
      "also": 504,
      "predicts": 505,
      "can infect": 506,
      "specify": 507,
      "bind to": 508,
      "is required": 509,
      "depend on": 510,
      "produced by": 511,
      "can soothe": 512,
      "for": 513,
      "are prescribed in": 514,
      "are often used": 515,
      "should be used under": 516,
      "are effective against": 517,
      "is activated by": 518,
      "should only be": 519,
      "are a common form of": 520,
      "is a skin infection caused by": 521,
      "work from": 522,
      "can be inhaled": 523,
      "encouraged for": 524,
      "should be monitored closely in": 525,
      "should not be abruptly stopped": 526,
      "is effective for": 527,
      "act on": 528,
      "occurs when": 529,
      "is often associated with": 530,
      "are generally well-tolerated": 531,
      "may not": 532,
      "relieve": 533,
      "is an infection of the meninges caused by": 534,
      "will determine": 535,
      "can be available": 536,
      "cater to": 537,
      "differ from": 538,
      "may be administered": 539,
      "are often used as": 540,
      "should be sought": 541,
      "have expertise in": 542,
      "varies depending on": 543,
      "administered at": 544,
      "are administered via": 545,
      "may improve": 546,
      "motivates": 547,
      "potential for": 548,
      "prioritize": 549,
      "are often caused by": 550,
      "can be prevented with": 551,
      "should not be crushed or chewed": 552,
      "may alter": 553,
      "can take": 554,
      "plays a crucial role in": 555,
      "can enhance": 556,
      "can become": 557,
      "could lead to": 558,
      "may differ": 559,
      "should be carefully evaluated": 560,
      "whiten": 561,
      "can induce": 562,
      "can dilate": 563,
      "should be made": 564,
      "implicated in": 565,
      "can impact": 566,
      "have developing": 567,
      "are listed on": 568,
      "offer options for": 569,
      "should be avoided in": 570,
      "can be covered": 571,
      "determine": 572,
      "is treated with": 573,
      "can make": 574,
      "breastfeeding": 575,
      "is needed": 576,
      "does not guarantee": 577,
      "may interfere": 578,
      "targeted towards": 579,
      "have various": 580,
      "is": 581,
      "not indicative of": 582,
      "commonly occur in": 583,
      "varies based on": 584,
      "should not be used": 585,
      "found in": 586,
      "recommend for": 587,
      "can be upregulated by": 588,
      "are followed to": 589,
      "work together": 590,
      "should not receive": 591,
      "specializes in": 592,
      "help with": 593,
      "levels decrease with": 594,
      "may alleviate": 595,
      "potentially alleviate": 596,
      "may offer": 597,
      "vital for": 598,
      "can be contaminated": 599,
      "are commonly used for": 600,
      "offered through": 601,
      "can be due to": 602,
      "should be managed": 603,
      "can modulate": 604,
      "benefit from": 605,
      "contraindicated in": 606,
      "is a serious infection that can be caused by": 607,
      "can help normalize": 608,
      "are excreted by": 609,
      "enhance": 610,
      "should be weighed against": 611,
      "can be adjusted based on": 612,
      "a chronic": 613,
      "should be used": 614,
      "are given once": 615,
      "to": 616,
      "can be prescribed at": 617,
      "affected by": 618,
      "may be at risk for": 619,
      "transports": 620,
      "may arise from": 621,
      "is more susceptible to": 622,
      "are sometimes prescribed": 623,
      "recommended in": 624,
      "is a heart infection caused by": 625,
      "can also be adminstered": 626,
      "patients": 627,
      "often combined with": 628,
      "utilize": 629,
      "can interfere with the absorption of": 630,
      "poses": 631,
      "can maximize": 632,
      "may differ in": 633,
      "might include": 634,
      "a common symptom of": 635,
      "can recognize": 636,
      "are equipped with": 637,
      "is another": 638,
      "can be managed": 639,
      "by inducing": 640,
      "paramount for": 641,
      "can be helpful": 642,
      "is necessary to avoid": 643,
      "is around": 644,
      "in": 645,
      "can be beneficial in": 646,
      "an": 647,
      "effectiveness": 648,
      "often contain": 649,
      "assist in": 650,
      "come in": 651,
      "should be weighed": 652,
      "categorized by": 653,
      "are aimed at": 654,
      "is a joint infection caused by": 655,
      "thrive": 656,
      "helpful for": 657,
      "is produced by": 658,
      "commonly prescribed to": 659,
      "are employed for": 660,
      "dependent on": 661,
      "a potentially": 662,
      "are researched": 663,
      "may have": 664,
      "vary in": 665,
      "are targeted by": 666,
      "create": 667,
      "can evade": 668,
      "shield against": 669,
      "administered via": 670,
      "are important in": 671,
      "should be titrated": 672,
      "promotes": 673,
      "can confer": 674,
      "important tool": 675,
      "can come": 676,
      "are useful for": 677,
      "impact": 678,
      "can emit": 679,
      "often recommended": 680,
      "often taken": 681,
      "consider": 682,
      "are observed in": 683,
      "are implicated in": 684,
      "keeps": 685,
      "is beneficial": 686,
      "can be monitored using": 687,
      "should be monitored": 688,
      "can be targeted for": 689,
      "serious complication": 690,
      "distribute": 691,
      "are commonly found in": 692,
      "crucial for": 693,
      "duration of action": 694,
      "is specified": 695,
      "can penetrate": 696,
      "is based": 697,
      "used in": 698,
      "is the": 699,
      "can affect the absorption of": 700,
      "may be introduced": 701,
      "should be used with caution": 702,
      "numb": 703,
      "replaces": 704,
      "does not leave": 705,
      "may have interactions with": 706,
      "generally safe": 707,
      "can be facilitated by": 708,
      "can pass medications to": 709,
      "originate from": 710,
      "should not be shared": 711,
      "blocks": 712,
      "can vary depending on": 713,
      "are common": 714,
      "can range from": 715,
      "not effective for": 716,
      "should not be": 717,
      "is often used": 718,
      "cost": 719,
      "administration": 720,
      "kills": 721,
      "administered before": 722,
      "may be expensive": 723,
      "can dissolve": 724,
      "may delay": 725,
      "facilitated by": 726,
      "may cause": 727,
      "essential for": 728,
      "supports": 729,
      "address": 730,
      "monitor": 731,
      "regulations": 732,
      "common side effect": 733,
      "store": 734,
      "supplementation": 735,
      "of symptoms": 736,
      "may be prescribed": 737,
      "recommended as": 738,
      "is protected by": 739,
      "stabilizes": 740,
      "can occur during": 741,
      "dispense": 742,
      "may not be suitable": 743,
      "may also include": 744,
      "helps in": 745,
      "optimizes": 746,
      "is convenient for": 747,
      "minimize": 748,
      "check": 749,
      "can increase the": 750,
      "are medical reasons to": 751,
      "may not be effective": 752,
      "is less common in": 753,
      "can be stimulated": 754,
      "protect against": 755,
      "is important to detect": 756,
      "may decrease": 757,
      "coexist with": 758,
      "are essential": 759,
      "categorized as": 760,
      "are commonly used alongside": 761,
      "forms a": 762,
      "can be relieved": 763,
      "often prescribe": 764,
      "can normalize": 765,
      "facilitates": 766,
      "can be beneficial for": 767,
      "should be avoided with": 768,
      "encompass": 769,
      "required for": 770,
      "should be taken": 771,
      "are symptoms of": 772,
      "are a": 773,
      "can protect against": 774,
      "can be caused by": 775,
      "can range": 776,
      "kill": 777,
      "emphasize": 778,
      "is mediated by": 779,
      "analyzes": 780,
      "do not": 781,
      "can be administered on": 782,
      "may be less effective": 783,
      "are necessary for": 784,
      "are more susceptible to": 785,
      "can be purchased over": 786,
      "such as": 787,
      "drains": 788,
      "may limit": 789,
      "may be recommended": 790,
      "regulate": 791,
      "commonly abused for": 792,
      "by guiding": 793,
      "may present as": 794,
      "cannot": 795,
      "informs": 796,
      "have unique": 797,
      "helps to ensure": 798,
      "sometimes co-occurs with": 799,
      "can be improved by": 800,
      "can help improve": 801,
      "is tailored based on": 802,
      "can be prevented through": 803,
      "into the": 804,
      "are inhibited by": 805,
      "available": 806,
      "aids in": 807,
      "through": 808,
      "is commonly prescribed for": 809,
      "can be achieved with": 810,
      "affects": 811,
      "may be discontinued": 812,
      "can occur in": 813,
      "are guided by": 814,
      "are potential": 815,
      "is linked to": 816,
      "often combined": 817,
      "can hinder": 818,
      "absorbs": 819,
      "is a lung infection caused by": 820,
      "improve": 821,
      "inhibiting bacterial": 822,
      "at treating": 823,
      "are medications": 824,
      "can weaken": 825,
      "often used in": 826,
      "are visible in": 827,
      "paramount in": 828,
      "recommended for": 829,
      "introduced into": 830,
      "are integral for": 831,
      "avoid using in": 832,
      "metabolized by": 833,
      "may be beneficial in": 834,
      "may also be used for": 835,
      "out of reach of children": 836,
      "helps identify": 837,
      "are often given": 838,
      "interferes with": 839,
      "help": 840,
      "associated with": 841,
      "may need": 842,
      "mediate": 843,
      "are monitored": 844,
      "classified under": 845,
      "may also be used": 846,
      "can spread through": 847,
      "consumed": 848,
      "can be a burden": 849,
      "can enter": 850,
      "can regulate": 851,
      "can be prescribed with": 852,
      "to adjust": 853,
      "may lack": 854,
      "used frequently": 855,
      "regenerates": 856,
      "numbing": 857,
      "linked to": 858,
      "safe": 859,
      "can be diagnosed with": 860,
      "alleviate": 861,
      "used in conjunction with": 862,
      "require a": 863,
      "can also cause": 864,
      "commonly experienced by": 865,
      "should": 866,
      "are used": 867,
      "helps prevent": 868,
      "are connected to": 869,
      "can disrupt": 870,
      "can be preventable through": 871,
      "should only be done": 872,
      "potentially improve": 873,
      "are assigned": 874,
      "can prescribe": 875,
      "measure": 876,
      "helps adjust": 877,
      "is transmitted through": 878,
      "incorporates": 879,
      "reduces risk of": 880,
      "should be used with": 881,
      "known for": 882,
      "potential": 883,
      "may be more": 884,
      "administered in": 885,
      "efficacy": 886,
      "are needed": 887,
      "is a common type of": 888,
      "is an alternative": 889,
      "should be taken in": 890,
      "treated with": 891,
      "dosing": 892,
      "serve as": 893,
      "increase the risk of": 894,
      "should be stored": 895,
      "are derived from": 896,
      "can potentiate": 897,
      "can transfer": 898,
      "can counteract": 899,
      "should be considered": 900,
      "perform": 901,
      "may be used in combination with": 902,
      "can require": 903,
      "can avoid": 904,
      "is needed to avoid": 905,
      "formulas": 906,
      "may be at higher risk": 907,
      "is accessed through": 908,
      "should consult with": 909,
      "in women with": 910,
      "utilized in": 911,
      "are available in": 912,
      "can be a side effect of": 913,
      "explore": 914,
      "eliminates": 915,
      "may occur with": 916,
      "when administered": 917,
      "delivers": 918,
      "can be detected by": 919,
      "can be prevented by": 920,
      "can": 921,
      "can be effective": 922,
      "uses": 923,
      "specialized branch of": 924,
      "may increase the risk of": 925,
      "used": 926,
      "exacerbates": 927,
      "can be used topically": 928,
      "are prescribed by": 929,
      "can be taken in": 930,
      "are at risk for": 931,
      "may reduce": 932,
      "can occur due to": 933,
      "should be done": 934,
      "loop back into": 935,
      "used to treat": 936,
      "drives": 937,
      "can be reduced by": 938,
      "helps evaluate": 939,
      "is done": 940,
      "may not require": 941,
      "can cross the placenta": 942,
      "removes": 943,
      "driven by": 944,
      "can be performed": 945,
      "crucial": 946,
      "are often treated with": 947,
      "prescription medication for": 948,
      "may choose": 949,
      "can be used with": 950,
      "contain": 951,
      "can be spread through": 952,
      "deals with": 953,
      "stimulates": 954,
      "can alter the": 955,
      "should be administered": 956,
      "may enhance": 957,
      "should not be taken during": 958,
      "key for": 959,
      "reduced with": 960,
      "increase the excretion of": 961,
      "stored in": 962,
      "may be helpful": 963,
      "helps protect against": 964,
      "duration of effect": 965,
      "can be prescribed based on": 966,
      "is between": 967,
      "beneficial": 968,
      "make": 969,
      "can be used as": 970,
      "reduces": 971,
      "can target": 972,
      "can be fatal": 973,
      "can be targeted": 974,
      "is commonly used": 975,
      "identify": 976,
      "contributes": 977,
      "is inhibited": 978,
      "play": 979,
      "are a valuable tool": 980,
      "modulate": 981,
      "are studied": 982,
      "can increase the risk of": 983,
      "can be administered through": 984,
      "is regulated by": 985,
      "may be": 986,
      "vary for": 987,
      "is a severe": 988,
      "can be used prophylactically": 989,
      "can deliver": 990,
      "can interfere with": 991,
      "are on": 992,
      "warrants": 993,
      "levels fluctuate during": 994,
      "administered": 995,
      "discourages": 996,
      "is generally": 997,
      "potential complications": 998,
      "is a process": 999,
      "go through": 1000,
      "may also cause": 1001,
      "can involve": 1002,
      "increases risk of": 1003,
      "may be recommended for": 1004,
      "are administered": 1005,
      "can be processed into": 1006,
      "have a lower response rate to": 1007,
      "is a common symptom of": 1008,
      "prescribed to": 1009,
      "decrease effectiveness of": 1010,
      "pose": 1011,
      "seal": 1012,
      "modify": 1013,
      "can block": 1014,
      "can be destroyed": 1015,
      "can also involve": 1016,
      "may be linked to": 1017,
      "works by": 1018,
      "can monitor": 1019,
      "adapts to": 1020,
      "may indicate": 1021,
      "meaning": 1022,
      "is controlled by": 1023,
      "breaks down": 1024,
      "are supported by": 1025,
      "often accompanies": 1026,
      "may impair": 1027,
      "key in": 1028,
      "availability": 1029,
      "may benefit": 1030,
      "decrease": 1031,
      "kidney problems": 1032,
      "is influenced by": 1033,
      "long-term use": 1034,
      "may strengthen": 1035,
      "are designed to": 1036,
      "rapidly absorbed": 1037,
      "should be given": 1038,
      "results in": 1039,
      "prescribed based on": 1040,
      "are prescribed for": 1041,
      "is crucial for": 1042,
      "means": 1043,
      "a rare": 1044,
      "repairs": 1045,
      "guide": 1046,
      "commonly used for": 1047,
      "should be noted": 1048,
      "can be warmed": 1049,
      "also used for": 1050,
      "are often prescribed": 1051,
      "optimized for": 1052,
      "can be purchased": 1053,
      "ensure": 1054,
      "can be classified": 1055,
      "may also have": 1056,
      "help fight": 1057,
      "alters": 1058,
      "is part of": 1059,
      "pharmacokinetics": 1060,
      "may be included": 1061,
      "is altered by": 1062,
      "commonly diagnosed in": 1063,
      "potential benefits": 1064,
      "can be eliminated": 1065,
      "is recommended for": 1066,
      "can be assessed by": 1067,
      "can be prescribed in": 1068,
      "is a serious": 1069,
      "affect": 1070,
      "of plant alkaloids": 1071,
      "is a type of": 1072,
      "can aid": 1073,
      "commonly used agents": 1074,
      "educate": 1075,
      "can be stimulated by": 1076,
      "plays a": 1077,
      "controls": 1078,
      "can be altered": 1079,
      "does not significantly": 1080,
      "can facilitate": 1081,
      "are approved by": 1082,
      "can inhibit": 1083,
      "ensure proper": 1084,
      "rely on": 1085,
      "can be a symptom of": 1086,
      "used in combination": 1087,
      "enables": 1088,
      "may guide": 1089,
      "are intended": 1090,
      "is prescribed for": 1091,
      "can enhance the effect of": 1092,
      "preserve": 1093,
      "covered": 1094,
      "medical guidance": 1095,
      "managed with": 1096,
      "boosts": 1097,
      "diverse in": 1098,
      "may be contraindicated in": 1099,
      "elicit": 1100,
      "can be serious": 1101,
      "also known as": 1102,
      "helps ensure": 1103,
      "classified as": 1104,
      "can be more vulnerable to": 1105,
      "plays a role in": 1106,
      "is located in": 1107,
      "is effective against": 1108,
      "potential use in": 1109,
      "can recur": 1110,
      "can trigger": 1111,
      "can be bactericidal": 1112,
      "is an important factor in": 1113,
      "are excreted through": 1114,
      "a risk factor for": 1115,
      "cannot be treated with": 1116,
      "is a form of": 1117,
      "monitored by": 1118,
      "is commonly": 1119,
      "are influenced by": 1120,
      "impairs": 1121,
      "may occur": 1122,
      "may be impaired": 1123,
      "should be applied": 1124,
      "are classified as": 1125,
      "potential side effect": 1126,
      "can be contraindicated": 1127,
      "should be": 1128,
      "are classified": 1129,
      "levels change in": 1130,
      "should be handled": 1131,
      "can be compromised by": 1132,
      "vary from": 1133,
      "is excessive": 1134,
      "enable": 1135,
      "repair": 1136,
      "is essential for": 1137,
      "aimed at": 1138,
      "attach": 1139,
      "can be prescribed as": 1140,
      "helps remove": 1141,
      "outlines": 1142,
      "caters": 1143,
      "improved with": 1144,
      "often included": 1145,
      "often prescribed": 1146,
      "is an infection of the abdominal lining caused by": 1147,
      "should be protected from": 1148,
      "can opsonize": 1149,
      "can occur alongside": 1150,
      "designed for": 1151,
      "effective": 1152,
      "can be treated with": 1153,
      "needs to be": 1154,
      "deficiency can cause": 1155,
      "are administered for": 1156,
      "can be purchased from": 1157,
      "are involuntary": 1158,
      "can be secreted": 1159,
      "whitens": 1160,
      "provides immunity against": 1161,
      "can carry": 1162,
      "transmit": 1163,
      "can be avoided": 1164,
      "focused on": 1165,
      "are injected": 1166,
      "potentially reduce": 1167,
      "can be transmitted through": 1168,
      "can be more affordable": 1169,
      "a group of": 1170,
      "can be upregulated": 1171,
      "combined with": 1172,
      "can be done through": 1173,
      "handle": 1174,
      "are used to": 1175,
      "dosage adjustments": 1176,
      "are synthesized from": 1177,
      "risk": 1178,
      "remove": 1179,
      "is higher in": 1180,
      "derived from": 1181,
      "banned in": 1182,
      "is common for": 1183,
      "can accelerate": 1184,
      "route": 1185,
      "are developed": 1186,
      "often includes": 1187,
      "taken": 1188,
      "is a kidney infection caused by": 1189,
      "can help diagnose": 1190,
      "should be stopped": 1191,
      "accelerates": 1192,
      "often include": 1193,
      "involves": 1194,
      "used in the treatment of": 1195,
      "applied": 1196,
      "early": 1197,
      "often result from": 1198,
      "can be modified": 1199,
      "can be used in combination with": 1200,
      "should be washed off": 1201,
      "in certain": 1202,
      "side effects": 1203,
      "have": 1204,
      "is a goal for": 1205,
      "can be linked to": 1206,
      "to produce": 1207,
      "when used": 1208,
      "with barrier methods of contraception": 1209,
      "are given to": 1210,
      "also specialize in": 1211,
      "may lower": 1212,
      "can be found": 1213,
      "are regulated": 1214,
      "can harm": 1215,
      "sometimes prescribed for": 1216,
      "duration of diuretic effect": 1217,
      "are not permanent": 1218,
      "may be used for": 1219,
      "can be derived from": 1220,
      "are involved in": 1221,
      "can be divided into": 1222,
      "are made": 1223,
      "to avoid": 1224,
      "can be a result of": 1225,
      "can be administered after": 1226,
      "are prescribed with": 1227,
      "may develop": 1228,
      "can be injected into": 1229,
      "can be consumed": 1230,
      "is common": 1231,
      "can temporarily": 1232,
      "hold": 1233,
      "can minimize": 1234,
      "dissolve": 1235,
      "can predict": 1236,
      "is of": 1237,
      "are determined by": 1238,
      "infused into": 1239,
      "could cause": 1240,
      "accommodate": 1241,
      "triggers": 1242,
      "commonly use": 1243,
      "is performed using": 1244,
      "form": 1245,
      "deliver": 1246,
      "potentiate": 1247,
      "are based on": 1248,
      "aims at": 1249,
      "can be effective against": 1250,
      "detects": 1251,
      "should be gradual": 1252,
      "may undergo": 1253,
      "may be prescribed to": 1254,
      "have an effect on": 1255,
      "aims to prevent": 1256,
      "can be considered": 1257,
      "can be suppressed": 1258,
      "offer": 1259,
      "are treated with": 1260,
      "can also": 1261,
      "may involve": 1262,
      "may be included in": 1263,
      "are commonly recommended for": 1264,
      "may influence": 1265,
      "simplify": 1266,
      "can limit": 1267,
      "are often combined": 1268,
      "should be determined": 1269,
      "need to heal": 1270,
      "may be at increased risk of": 1271,
      "can contain": 1272,
      "can last": 1273,
      "can lead to": 1274,
      "increased risk": 1275,
      "fight": 1276,
      "includes": 1277,
      "can increase": 1278,
      "can predispose": 1279,
      "proves": 1280,
      "specifically target": 1281,
      "typically subside": 1282,
      "work by": 1283,
      "can be discontinued": 1284,
      "control": 1285,
      "differ in": 1286,
      "can be managed with": 1287,
      "can contribute": 1288,
      "recycle": 1289,
      "can be recommended for": 1290,
      "for those": 1291,
      "therapy": 1292,
      "may accidentally ingest": 1293,
      "convenient for": 1294,
      "can ease": 1295,
      "can control": 1296,
      "can be relieved with": 1297,
      "may receive": 1298,
      "helps with": 1299,
      "must be": 1300,
      "are affected by": 1301,
      "are commonly used by": 1302,
      "are used in combination with": 1303,
      "should not be applied": 1304,
      "contributes to": 1305,
      "offered as": 1306,
      "should assess": 1307,
      "should not be taken along with": 1308,
      "is crucial": 1309,
      "are involved": 1310,
      "is important to": 1311,
      "may interfere with": 1312,
      "can be injected": 1313,
      "are regions with": 1314,
      "may suffer": 1315,
      "represents": 1316,
      "is more": 1317,
      "replace": 1318,
      "are responsible for": 1319,
      "are done": 1320,
      "can help with": 1321,
      "helps monitor": 1322,
      "play a role in": 1323,
      "fights": 1324,
      "may vary": 1325,
      "can be administered as": 1326,
      "personalized approach to": 1327,
      "should be exercised": 1328,
      "is cancer that": 1329,
      "for maximum": 1330,
      "can act as": 1331,
      "is often prescribed": 1332,
      "can be controlled with": 1333,
      "are an": 1334,
      "preserves": 1335,
      "leads": 1336,
      "can occur despite": 1337,
      "are crucial for": 1338,
      "often require": 1339,
      "may be worsened": 1340,
      "is considered": 1341,
      "may have difficulty": 1342,
      "expand": 1343,
      "more susceptible": 1344,
      "some": 1345,
      "treats": 1346,
      "important for": 1347,
      "are a class of": 1348,
      "is a life-threatening condition caused by": 1349,
      "useful for": 1350,
      "should discuss": 1351,
      "can be combined": 1352,
      "to facilitate": 1353,
      "alleviated with": 1354,
      "can help restore": 1355,
      "can be increased": 1356,
      "can identify": 1357,
      "separates": 1358,
      "may be available": 1359,
      "accelerate": 1360,
      "lower": 1361,
      "utilizes": 1362,
      "helps maintain": 1363,
      "important to": 1364,
      "are useful in": 1365,
      "may prevent": 1366,
      "do not contain": 1367,
      "is generally recommended": 1368,
      "can be used to reduce": 1369,
      "is monitored": 1370,
      "specifically attack": 1371,
      "given in": 1372,
      "can measure": 1373,
      "can provide relief from": 1374,
      "secreted by": 1375,
      "may be combined": 1376,
      "shape": 1377,
      "can be applied": 1378,
      "administered through": 1379,
      "numbs": 1380,
      "effect": 1381,
      "produces": 1382,
      "is another way": 1383,
      "should not be taken with": 1384,
      "means on the": 1385,
      "can be prescribed": 1386,
      "increases susceptibility to": 1387,
      "should be used cautiously in": 1388,
      "safety": 1389,
      "possible interactions": 1390,
      "not typically used": 1391,
      "occurs": 1392,
      "can be suppressed by": 1393,
      "are produced": 1394,
      "are commonly used as": 1395,
      "evaluate": 1396,
      "minimizes": 1397,
      "deserve": 1398,
      "are linked to": 1399,
      "can promote": 1400,
      "are at increased risk of": 1401,
      "interact with": 1402,
      "can be more susceptible to": 1403,
      "can delay": 1404,
      "can suppress": 1405,
      "is available in": 1406,
      "are composed of": 1407,
      "can be classified as": 1408,
      "should be taken with": 1409,
      "are distributed": 1410,
      "coordinated effort among": 1411,
      "adhere to": 1412,
      "is typically used": 1413,
      "alternative": 1414,
      "addresses": 1415,
      "can be used to": 1416,
      "often used for": 1417,
      "visualizes": 1418,
      "should meet": 1419,
      "dilate": 1420,
      "can transmit": 1421,
      "assist with": 1422,
      "can be tested for": 1423,
      "designed to": 1424,
      "may include": 1425,
      "to optimize": 1426,
      "is stored": 1427,
      "is placed in": 1428,
      "can also be used for": 1429,
      "can have": 1430,
      "reduces the risk of": 1431,
      "developed based on": 1432,
      "are stored in": 1433,
      "can be a part of": 1434,
      "is not effective against": 1435,
      "can pass into": 1436,
      "should be used cautiously": 1437,
      "are helpful in": 1438,
      "have a role in": 1439,
      "used according to": 1440,
      "commonly used to": 1441,
      "can be of": 1442,
      "can benefit": 1443,
      "equipment": 1444,
      "are more common in": 1445,
      "can be influenced": 1446,
      "can be improved with": 1447,
      "are medications used to": 1448,
      "is an abnormal accumulation of": 1449,
      "potentially useful in": 1450,
      "used for treating": 1451,
      "may assist": 1452,
      "inform": 1453,
      "examples": 1454,
      "administered under": 1455,
      "may find relief with": 1456,
      "is an": 1457,
      "higher": 1458,
      "vulnerable to": 1459,
      "factors": 1460,
      "are not": 1461,
      "can be a": 1462,
      "occur when": 1463,
      "commonly prescribed for": 1464,
      "can be tailored to": 1465,
      "a life-threatening": 1466,
      "aims to": 1467,
      "are associated with": 1468,
      "often associated": 1469,
      "levels": 1470,
      "can be prescribed by": 1471,
      "for optimal": 1472,
      "is an essential": 1473,
      "should not be given": 1474,
      "guarantees": 1475,
      "should not be used by": 1476,
      "are reimbursed": 1477,
      "can help manage": 1478,
      "available as": 1479,
      "cleans": 1480,
      "potential to": 1481,
      "can be regulated by": 1482,
      "are sometimes": 1483,
      "can be used in combination": 1484,
      "come with": 1485,
      "can be combined with": 1486,
      "increase": 1487,
      "substances": 1488,
      "are released by": 1489,
      "necessitates": 1490,
      "ensures": 1491,
      "aids": 1492,
      "the risk of": 1493,
      "help eliminate": 1494,
      "can be administered with": 1495,
      "are authorized": 1496,
      "is a system for": 1497,
      "are characterized by": 1498,
      "effective for": 1499,
      "regulated by": 1500,
      "can be modulated by": 1501,
      "consist of": 1502,
      "a symptom of": 1503,
      "should be followed": 1504,
      "can aid with": 1505,
      "sometimes used for": 1506,
      "help in": 1507,
      "benefits": 1508,
      "administered by": 1509,
      "modifies": 1510,
      "tailored to": 1511,
      "play a critical role": 1512,
      "should be addressed in": 1513,
      "enhances": 1514,
      "involve": 1515,
      "may be caused by": 1516,
      "can grow in": 1517,
      "can be cleared": 1518,
      "can act on": 1519,
      "by altering the": 1520,
      "not recommended": 1521,
      "typically covered": 1522,
      "is needed in": 1523,
      "by improving": 1524,
      "should be disposed of": 1525,
      "does not cause": 1526,
      "coverage can": 1527,
      "outline": 1528,
      "useful in": 1529,
      "can mimic": 1530,
      "antibiotics": 1531,
      "are categorized as": 1532,
      "may contribute to": 1533,
      "prescribed for": 1534,
      "also available as": 1535,
      "suppress": 1536,
      "reflect": 1537,
      "doses": 1538,
      "are essential for": 1539,
      "are caused by": 1540,
      "can be sterilized": 1541,
      "given to": 1542,
      "relies on": 1543,
      "relates to": 1544,
      "can restore": 1545,
      "infused with": 1546,
      "treatment": 1547,
      "potentially treat": 1548,
      "should not be used in": 1549,
      "leading cause of": 1550,
      "is a catabolic": 1551,
      "helps streamline": 1552,
      "is the process of": 1553,
      "is determined by": 1554,
      "is easier to": 1555,
      "provide instructions on": 1556,
      "is an infection of the heart valves caused by": 1557,
      "may be covered by": 1558,
      "commonly used": 1559,
      "can vary in": 1560,
      "can be included": 1561,
      "helps determine": 1562,
      "help to": 1563,
      "are tailored to": 1564,
      "may recommend": 1565,
      "are produced by": 1566,
      "can pass": 1567,
      "may relieve": 1568,
      "is characterized by": 1569,
      "may be exposed to": 1570,
      "may be less effective in": 1571,
      "are needed for": 1572,
      "should not be taken": 1573,
      "are generally": 1574,
      "can be used in": 1575,
      "may result in": 1576,
      "interactions": 1577,
      "have been shown to": 1578,
      "comprises of": 1579,
      "should not be used for": 1580,
      "sell": 1581,
      "are combined with": 1582,
      "can be obtained from": 1583,
      "combine": 1584,
      "has a": 1585,
      "can be recommended": 1586,
      "can lower": 1587,
      "can relieve": 1588,
      "should be injected": 1589,
      "may be taken": 1590,
      "can be exacerbated by": 1591,
      "are commonly prescribed": 1592,
      "is necessary for": 1593,
      "is effective in": 1594,
      "can be decreased": 1595,
      "may be necessary for": 1596,
      "can relax": 1597,
      "work together for": 1598,
      "is possible for": 1599,
      "assesses": 1600,
      "required": 1601,
      "is optimal": 1602,
      "is trained to": 1603,
      "can affect the": 1604,
      "maintain": 1605,
      "may require": 1606,
      "use": 1607,
      "generates": 1608,
      "can be bought": 1609,
      "specialize in": 1610,
      "helps to maintain": 1611,
      "are closely monitored": 1612,
      "may implement": 1613,
      "can adjust": 1614,
      "can result from": 1615,
      "is dependent on": 1616,
      "are administered by": 1617,
      "diluted with": 1618,
      "is a risk factor for": 1619,
      "halts": 1620,
      "may lead to": 1621,
      "can supplement": 1622,
      "need to": 1623,
      "are covered": 1624,
      "are believed to be": 1625,
      "response": 1626,
      "can be": 1627,
      "evaluates": 1628,
      "is important in": 1629,
      "can strengthen": 1630,
      "helps the body": 1631,
      "may increase": 1632,
      "may be used as": 1633,
      "can be used": 1634,
      "soothes": 1635,
      "dressings eliminate": 1636,
      "can restrict": 1637,
      "can interfere": 1638,
      "seek": 1639,
      "should be discarded": 1640,
      "prescribed alongside": 1641,
      "monitored for": 1642,
      "can persist": 1643,
      "include": 1644,
      "should not be used alongside": 1645,
      "based on": 1646,
      "may be used in": 1647,
      "can be expensive and": 1648,
      "can be purified": 1649,
      "are fluid-filled": 1650,
      "may be effective against": 1651,
      "can outweigh": 1652,
      "may aid": 1653,
      "sometimes used": 1654,
      "facilitate": 1655,
      "can be customized for": 1656,
      "general": 1657,
      "by providing": 1658,
      "are continuously monitored": 1659,
      "is needed for": 1660,
      "is a measure of": 1661,
      "should be limited": 1662,
      "communicate": 1663,
      "usually subsides": 1664,
      "takes into account": 1665,
      "should be avoided by": 1666,
      "maximizes": 1667,
      "collaborate with": 1668,
      "should not": 1669,
      "used for": 1670,
      "is commonly done": 1671,
      "are medical conditions": 1672,
      "occurs in": 1673,
      "is accelerated by": 1674,
      "have undergone": 1675,
      "contraindicated": 1676,
      "secure": 1677,
      "often prescribed in": 1678,
      "may weaken": 1679,
      "helps preserve": 1680,
      "avoids": 1681,
      "may ease": 1682,
      "is not recommended": 1683,
      "potential interactions should be": 1684,
      "is inhibited by": 1685,
      "is a severe tissue infection caused by": 1686,
      "fall under": 1687,
      "decreases production of": 1688,
      "can help relieve": 1689,
      "may give inaccurate results": 1690,
      "can be recommended by": 1691,
      "may exacerbate": 1692,
      "not cure": 1693,
      "is called": 1694,
      "can help to": 1695,
      "mimic": 1696,
      "may impact": 1697,
      "can be treated": 1698,
      "authorized for": 1699,
      "potential side effects": 1700,
      "may be used to": 1701,
      "can alleviate": 1702,
      "does not": 1703,
      "are produced from": 1704,
      "have extended": 1705,
      "may not be": 1706,
      "are indicators of": 1707,
      "are used to treat": 1708,
      "can provide": 1709,
      "are considered": 1710,
      "distinguishes": 1711,
      "refer to": 1712,
      "determined by": 1713,
      "are included in": 1714,
      "may be needed": 1715,
      "can be optimized with": 1716,
      "may be available in": 1717,
      "will be": 1718,
      "in preventing": 1719,
      "may contraindicate": 1720,
      "act": 1721,
      "result from": 1722,
      "can discourage": 1723,
      "should be mentioned": 1724,
      "are categorized into": 1725,
      "may be necessary to": 1726,
      "achieved with": 1727,
      "is often combined with": 1728,
      "are prone to": 1729,
      "eliminate": 1730,
      "have been associated with": 1731,
      "are made based on": 1732,
      "through appropriate": 1733,
      "used as": 1734,
      "are in": 1735,
      "are benign": 1736,
      "is important": 1737,
      "at": 1738,
      "should be followed for": 1739,
      "common symptoms of": 1740,
      "helps guide": 1741,
      "class": 1742,
      "assists in": 1743,
      "can be prevented": 1744,
      "to maximize": 1745,
      "can damage": 1746,
      "can occur after": 1747,
      "potentially enhance": 1748,
      "agents may cause": 1749,
      "assess": 1750,
      "can support": 1751,
      "may be less effective in the presence of": 1752,
      "are not intended for": 1753,
      "changes": 1754,
      "is necessary": 1755,
      "should be adjusted": 1756,
      "is often treated with": 1757,
      "can form": 1758,
      "may be combined with": 1759,
      "undergo": 1760,
      "affecting the": 1761,
      "medication class": 1762,
      "stands for": 1763,
      "helps": 1764,
      "plays a role": 1765,
      "an infectious": 1766,
      "taken orally": 1767,
      "could include": 1768,
      "can empower": 1769,
      "are categorized under": 1770,
      "are related to": 1771,
      "can be toxic": 1772,
      "can be relieved by": 1773,
      "at risk for": 1774,
      "an integral part of": 1775,
      "retains": 1776,
      "are located": 1777,
      "covers": 1778,
      "prescribed by": 1779,
      "are recommended for": 1780,
      "can be obtained through": 1781,
      "hormonal therapies": 1782,
      "can be severe": 1783,
      "of lipid modifying agents": 1784,
      "should be tapered": 1785,
      "should be carefully considered": 1786,
      "can decrease the effectiveness of": 1787,
      "can help": 1788,
      "manufactured according to": 1789,
      "can manifest as": 1790,
      "are more prone to": 1791,
      "can help reduce": 1792,
      "at greater risk for": 1793,
      "can change": 1794,
      "administer": 1795,
      "does not have": 1796,
      "have specific": 1797,
      "is a bone infection caused by": 1798,
      "mechanism of action": 1799,
      "are a key": 1800,
      "aligns": 1801,
      "delivered via": 1802,
      "influence": 1803,
      "are more likely to": 1804,
      "stages of": 1805,
      "informed by": 1806,
      "should not be used concurrently with": 1807,
      "influences": 1808,
      "require": 1809,
      "can indicate": 1810,
      "can enhance the": 1811,
      "should be taken as": 1812,
      "a severe form of": 1813,
      "belong to": 1814,
      "is conducted": 1815,
      "can also be used": 1816,
      "can assist": 1817,
      "increased sedation": 1818,
      "is a common vaginal infection caused by": 1819,
      "is a sudden drop in": 1820,
      "should not be injected": 1821,
      "capture": 1822,
      "integrates": 1823,
      "provides convenience": 1824,
      "applied externally": 1825,
      "are a common side effect": 1826,
      "inhibits": 1827,
      "action": 1828,
      "can be metabolized": 1829,
      "can effectively eradicate": 1830,
      "is determined": 1831,
      "are transmitted from": 1832,
      "deficiency can lead to": 1833,
      "treatment can include": 1834,
      "allows": 1835,
      "is related to": 1836,
      "mean": 1837,
      "are limited": 1838,
      "can tailor": 1839,
      "can alter": 1840,
      "are subject to": 1841,
      "impacts": 1842,
      "to the medication": 1843,
      "may prescribe": 1844,
      "is also found": 1845,
      "are cancers that": 1846,
      "allows for": 1847,
      "can boost": 1848,
      "are commonly used in": 1849,
      "alter": 1850,
      "do not protect against": 1851,
      "can show": 1852,
      "can also include": 1853,
      "is the source of": 1854,
      "is converted to": 1855,
      "can be downregulated": 1856,
      "can be administered orally": 1857,
      "are usually": 1858,
      "are not effective against": 1859,
      "can break down": 1860,
      "prioritizes": 1861,
      "are convenient for": 1862,
      "can improve": 1863,
      "consists of": 1864,
      "strive to": 1865,
      "mechanism": 1866,
      "occur": 1867,
      "to track": 1868,
      "impacted by": 1869,
      "should not be stopped": 1870,
      "to maintain": 1871,
      "can remove": 1872,
      "may be contraindicated with": 1873,
      "should be used responsibly to": 1874,
      "a risk of": 1875,
      "should not be crushed": 1876,
      "determines": 1877,
      "does not affect": 1878,
      "can also treat": 1879,
      "is a common": 1880,
      "can treat": 1881,
      "may be used with": 1882,
      "can be dosed": 1883,
      "can dilate the blood vessels": 1884,
      "refresh": 1885,
      "is necessary due to": 1886,
      "engage in": 1887,
      "may decline": 1888,
      "allow for": 1889,
      "may provide": 1890,
      "is increased": 1891,
      "is a treatment for": 1892,
      "should be used for": 1893,
      "sometimes requires": 1894,
      "is vital for": 1895,
      "contains": 1896,
      "sometimes contain": 1897,
      "can sometimes": 1898,
      "can decrease the absorption of": 1899,
      "is the most common route": 1900,
      "can be decreased by": 1901,
      "coverage": 1902,
      "takes out": 1903,
      "provide options for": 1904,
      "are stored": 1905,
      "can be a sign of": 1906,
      "considers": 1907,
      "are prescribed to": 1908,
      "can be prescribed during": 1909,
      "prescribed": 1910,
      "is often caused by": 1911,
      "is contraindicated in": 1912,
      "should be changed": 1913,
      "helps detect": 1914,
      "can also help": 1915,
      "also includes": 1916,
      "can be necessary": 1917,
      "can be administered": 1918,
      "should only be used": 1919,
      "aid": 1920,
      "can be used for": 1921,
      "customizes": 1922,
      "as": 1923,
      "can benefit from": 1924,
      "of": 1925,
      "are not effective": 1926,
      "are at": 1927,
      "is acquired through": 1928,
      "may pose": 1929,
      "options": 1930,
      "are sudden": 1931,
      "can lead": 1932,
      "can be downregulated by": 1933,
      "was developed by": 1934,
      "correct": 1935,
      "may not provide": 1936,
      "benefit": 1937,
      "may not be suitable for": 1938,
      "can be inhibited by": 1939,
      "may promote": 1940,
      "are proteins that": 1941,
      "focus on": 1942,
      "may prefer": 1943,
      "have an impact on": 1944,
      "precedes": 1945,
      "may be prescribed with": 1946,
      "can degrade": 1947,
      "prevent": 1948,
      "in terms of": 1949,
      "detect": 1950,
      "does not require": 1951,
      "can shape": 1952,
      "teaches": 1953,
      "should be assessed": 1954,
      "widen": 1955,
      "lasts for": 1956,
      "is stored in": 1957,
      "are important": 1958,
      "common symptom of": 1959,
      "can develop due to": 1960,
      "manage": 1961,
      "may dictate": 1962,
      "toxicity": 1963,
      "can also have": 1964,
      "can be administered according to": 1965,
      "filled with": 1966,
      "has antioxidant": 1967,
      "chemicals": 1968,
      "should not be combined with": 1969,
      "in women undergoing": 1970,
      "are eliminated from": 1971,
      "can reduce the effectiveness of": 1972,
      "work together to": 1973,
      "administered during": 1974,
      "are vital for": 1975,
      "can be managed through": 1976,
      "aim to": 1977,
      "can be preserved with": 1978,
      "can be identified through": 1979,
      "sometimes recommended for": 1980,
      "can offer": 1981,
      "is a": 1982,
      "creates": 1983,
      "aided by": 1984,
      "at higher risk for": 1985,
      "can occur as a result of": 1986,
      "characterized by": 1987,
      "may reduce the effectiveness of": 1988,
      "need a": 1989,
      "specialized in": 1990,
      "in long-term": 1991,
      "is a global": 1992,
      "can be diagnosed through": 1993,
      "inserted": 1994,
      "can be done": 1995,
      "are contraindicated in": 1996,
      "often linked to": 1997,
      "can be found in": 1998,
      "often cause": 1999,
      "may interact with": 2000,
      "can be accessed": 2001,
      "should not be abruptly discontinued in": 2002,
      "should take into account": 2003,
      "can aggravate": 2004,
      "brand name": 2005,
      "should be used in": 2006,
      "should be checked": 2007,
      "help maintain": 2008,
      "can complement": 2009,
      "should be discussed with": 2010,
      "can be used to prevent": 2011,
      "results from": 2012,
      "should be obtained from": 2013,
      "may be contraindicated": 2014,
      "is necessary to": 2015,
      "guides": 2016,
      "receptor": 2017,
      "can slow down": 2018,
      "can be converted to": 2019,
      "can guide": 2020,
      "provides": 2021,
      "are the": 2022,
      "can be on": 2023,
      "in achieving": 2024,
      "can be safe for": 2025,
      "take longer": 2026,
      "effective against": 2027,
      "are a common": 2028,
      "not suitable for": 2029,
      "helps minimize": 2030,
      "often applied to": 2031,
      "sometimes combined": 2032,
      "can be initiated": 2033,
      "can affect the effectiveness of": 2034,
      "should avoid": 2035,
      "are only": 2036,
      "recommend": 2037,
      "administered according to": 2038,
      "dissolved in": 2039,
      "indicated for": 2040,
      "carry": 2041,
      "can be based on": 2042,
      "are suitable": 2043,
      "can reduce the diuretic effect of": 2044,
      "obtains": 2045,
      "aims to reduce": 2046,
      "investigates": 2047,
      "are used for": 2048,
      "have an increased risk of": 2049,
      "encourages": 2050,
      "can be donated": 2051,
      "can be indicative of": 2052,
      "prolonged use of": 2053,
      "can visualize": 2054,
      "can be given": 2055,
      "should not be shared with": 2056,
      "are classified by": 2057,
      "are often": 2058,
      "can mitigate": 2059,
      "can consist of": 2060,
      "is commonly used in": 2061,
      "is an infection of the fluid-filled sacs near joints caused by": 2062,
      "temporarily alleviates": 2063,
      "can be affected": 2064,
      "manifest as": 2065,
      "must be prescribed by": 2066,
      "can be prescribed alongside": 2067,
      "approved for": 2068,
      "can be made": 2069,
      "is absorbed": 2070,
      "is a symptom of": 2071,
      "can be improved": 2072,
      "factor in": 2073,
      "can be impacted by": 2074,
      "can ensure": 2075,
      "should not take": 2076,
      "is a contraindication for": 2077,
      "is involved in": 2078,
      "is a consideration": 2079,
      "can be prescribed under": 2080,
      "are specifically formulated for": 2081,
      "is typically for": 2082,
      "counteract": 2083,
      "is beneficial for": 2084,
      "relieved with": 2085,
      "can be worsened by": 2086,
      "should only": 2087,
      "distributes": 2088,
      "belongs to": 2089,
      "is induced to": 2090,
      "distributed to": 2091,
      "can cause": 2092,
      "can also be administered": 2093,
      "can diagnose": 2094,
      "debride": 2095,
      "should be stored away from": 2096,
      "by increasing": 2097,
      "should be evaluated": 2098,
      "can maintain": 2099,
      "are used in": 2100,
      "is for": 2101,
      "to prevent": 2102,
      "can be released during": 2103,
      "sometimes used as": 2104,
      "vary": 2105,
      "should be taken at": 2106,
      "at risk of": 2107,
      "should be discontinued": 2108,
      "are taken": 2109,
      "helps to prevent": 2110,
      "suitable for": 2111,
      "can determine": 2112,
      "commonly seen in": 2113,
      "often": 2114,
      "are a type of": 2115,
      "means that": 2116,
      "with the": 2117,
      "is ideal": 2118,
      "should be shaken": 2119,
      "should be reported": 2120,
      "could be beneficial for": 2121,
      "can compromise": 2122,
      "can be administered at": 2123,
      "suffer": 2124,
      "due to": 2125,
      "are targeted for": 2126,
      "is advised": 2127,
      "are more": 2128,
      "after the expiration date": 2129,
      "is associated with": 2130,
      "is more common in": 2131,
      "may benefit from": 2132,
      "have knowledge of": 2133,
      "can assist in": 2134,
      "need to consider": 2135,
      "can be alleviated by": 2136,
      "optimal": 2137,
      "often involves": 2138,
      "can be alleviated": 2139,
      "can refer to": 2140,
      "is commonly caused by": 2141,
      "supplied to": 2142,
      "play a role": 2143,
      "should consult": 2144,
      "are temporary": 2145,
      "play a crucial role": 2146,
      "precautions": 2147,
      "identifies": 2148,
      "can be harmful": 2149,
      "trained in": 2150,
      "are approved": 2151,
      "are critical for": 2152,
      "should follow": 2153,
      "may suppress": 2154,
      "application": 2155,
      "alleviates": 2156,
      "can detect": 2157,
      "can mask": 2158,
      "can potentially interact with": 2159,
      "are used with": 2160,
      "may help": 2161,
      "is required for": 2162,
      "used by": 2163,
      "possibly alleviate": 2164,
      "follow": 2165,
      "are severe": 2166,
      "ordered by": 2167,
      "can result in": 2168,
      "dosage": 2169,
      "are not effective in": 2170,
      "are expensive": 2171,
      "straighten": 2172,
      "teach": 2173,
      "means following": 2174,
      "formula": 2175,
      "can be adjusted": 2176,
      "can be applied to": 2177,
      "should be reviewed for": 2178,
      "can confirm": 2179,
      "are typically taken": 2180,
      "is an infection of the female reproductive organs caused by": 2181,
      "drugs": 2182,
      "may also": 2183,
      "frequently used": 2184,
      "improves": 2185,
      "most common route": 2186,
      "before": 2187,
      "foundation of": 2188,
      "stimulate": 2189,
      "can work as": 2190,
      "taken by": 2191,
      "is a preventive": 2192,
      "can be effective in": 2193,
      "can be disturbed in": 2194,
      "are naturally produced": 2195,
      "is achieved through": 2196,
      "allow": 2197,
      "provide": 2198,
      "can address": 2199,
      "may be adjusted": 2200,
      "introduce": 2201,
      "are prescribed based on": 2202,
      "should be prescribed by": 2203,
      "also used": 2204,
      "moisturizes": 2205,
      "is not recommended for": 2206,
      "potential effectiveness": 2207,
      "are funded": 2208,
      "which may require": 2209,
      "can be resistant to": 2210,
      "may hamper": 2211,
      "requires": 2212,
      "should be used judiciously to": 2213,
      "taken with": 2214,
      "may be sufficient": 2215,
      "performs": 2216,
      "are manufactured by": 2217,
      "can be contraindicated in": 2218,
      "is used to": 2219,
      "may carry": 2220,
      "should be monitored by": 2221,
      "are not suitable": 2222,
      "fight against": 2223,
      "may be more sensitive to": 2224,
      "worsens": 2225,
      "regulates": 2226,
      "are not recommended": 2227,
      "fundamental principle of": 2228,
      "transport": 2229,
      "common": 2230,
      "a bacterial": 2231,
      "is used in": 2232,
      "often have": 2233,
      "function": 2234,
      "mode of action": 2235,
      "are safe": 2236,
      "can be used alongside": 2237,
      "to improve": 2238,
      "can significantly impact": 2239,
      "may produce": 2240,
      "deters": 2241,
      "is aimed at": 2242,
      "may be made of": 2243,
      "block": 2244,
      "save": 2245,
      "are at risk of": 2246,
      "is excreted in": 2247,
      "for better": 2248,
      "sanitize": 2249,
      "will provide": 2250,
      "need": 2251,
      "can help in": 2252,
      "are also used": 2253,
      "helps assess": 2254,
      "can bind to": 2255,
      "can protect": 2256,
      "a growing": 2257,
      "can be promoted": 2258,
      "makes other gynecologicals": 2259,
      "can be released in": 2260,
      "maintains": 2261,
      "should be discussed": 2262,
      "believed to": 2263,
      "can complicate": 2264,
      "is generally safe to use": 2265,
      "attaches": 2266,
      "can be achieved through": 2267,
      "can experience": 2268,
      "prevents": 2269,
      "compete": 2270,
      "may be used under": 2271,
      "also classified as": 2272,
      "are": 2273,
      "may also involve": 2274,
      "are applied to": 2275,
      "surrounds": 2276,
      "can cross": 2277,
      "should be avoided": 2278,
      "is the absence of": 2279,
      "influenced by": 2280,
      "depends on": 2281,
      "often prescribed with": 2282
}